title,feedback,answerType,type,domain,answer1,explanation1,answer2,explanation2,answer3,explanation3,answer4,explanation4,answer5,explanation5,answer6,explanation6,correctAnswer
True or False: The Definition of Done ensures that each Increment meets the agreed quality standards before it is considered complete. (Choose the best answer),"The Definition of Done establishes the shared quality standards for each Increment, ensuring all completed work meets the agreed criteria. <i>The Definition of Done helps Scrum Teams improve quality by clarifying what’s needed for each Increment.</i> (Scrum Guide 2020)",TF,PSM-I,Concepts,,Correct: The Definition of Done sets the minimum quality criteria that each Increment must meet to be considered complete.,,Incorrect: The Definition of Done is specifically designed to define the criteria for completed work and ensure quality standards are met.,,,,,,,,,true
True or False: The Definition of Done is used to create transparency by providing a shared understanding of what it means for work to be complete. (Choose the best answer),"The Definition of Done provides a clear standard for what it means for work to be complete, creating transparency and ensuring consistent quality. <i>The Definition of Done creates transparency by providing everyone a shared understanding of what work was completed.</i> (Scrum Guide 2020)",TF,PSM-I,Concepts,,"Correct: The Definition of Done ensures everyone understands when work is considered complete, enhancing transparency.",,Incorrect: The Definition of Done is specifically designed to create a shared understanding of completeness and quality.,,,,,,,,,true
Which three practices can help a Scrum Team manage technical debt without compromising Sprint Goals? (Choose the three best answers),"Including technical debt in the Definition of Done, dedicating part of each Sprint to address it, and using automation are key practices for managing technical debt effectively. <i>Technical debt management ensures sustainable product quality.</i> (Scrum Guide 2020)",M,PSM-I,Concepts,Focusing solely on new features and ignoring technical debt until the product is stable.,Incorrect: Ignoring technical debt increases long-term risks and reduces product quality.,Including technical debt resolution as part of the Definition of Done.,Correct: Incorporating technical debt into the Definition of Done ensures it is addressed continuously.,Allocating a percentage of each Sprint specifically for managing technical debt.,Correct: Dedicating part of the Sprint to address technical debt helps maintain a balance between new development and quality maintenance.,Postponing all technical debt tasks to dedicated maintenance Sprints.,Incorrect: Postponing technical debt creates a backlog of issues that can become unmanageable.,Using automated tools to identify and resolve technical debt continuously.,Correct: Automation helps the team manage technical debt efficiently without disrupting their focus on the Sprint Goal.,,,"1,3,5"
Which two roles collaborate most closely to ensure that the Definition of Done is consistently applied to all Increments? (Choose the two best answers),"The Developers are directly responsible for meeting the Definition of Done, with support from the Scrum Master to ensure quality standards are upheld. <i>The Definition of Done creates transparency by providing a shared understanding of what work was completed.</i> (Scrum Guide 2020)",M,PSM-I,Concepts,Product Owner and Developers,Incorrect: The Product Owner is involved in backlog management but does not directly enforce the Definition of Done.,Developers and Scrum Master,"Correct: The Developers ensure their work meets the Definition of Done, with the Scrum Master supporting by facilitating adherence to quality standards.",Scrum Master and Product Owner,"Incorrect: While the Scrum Master supports process adherence, the Product Owner is not responsible for applying the Definition of Done.",Developers and Stakeholders,Incorrect: Stakeholders provide feedback but do not enforce the Definition of Done.,Scrum Master and Stakeholders,Incorrect: Stakeholders are involved in feedback but not in maintaining the Definition of Done.,,,"1,2"
A Scrum Team is facing frequent last-minute changes from the Product Owner during the Sprint. What is the best action for the Scrum Master? (Choose the best answer),"The Scrum Master should facilitate discussions to emphasize the importance of managing changes through the Product Backlog, maintaining Sprint focus. <i>Scrum Teams only commit to work selected during Sprint Planning.</i> (Scrum Guide 2020)",S,PSM-I,Sprint Management,Allow the changes to keep the Product Owner satisfied and adaptable.,Incorrect: Allowing frequent changes disrupts the team's focus and compromises the Sprint Goal.,Facilitate a discussion with the Product Owner on the importance of maintaining the Sprint Backlog integrity and managing changes through the Product Backlog.,Correct: Managing changes through the Product Backlog maintains Sprint focus while accommodating evolving needs.,Ignore the changes to avoid conflict with the Product Owner.,Incorrect: Ignoring changes can lead to misalignment and unresolved issues.,Ask the Developers to manage the changes directly with the Product Owner.,"Incorrect: Changes should be managed collectively, ensuring alignment with the Sprint Goal and Scrum processes.",,,,,2
Which two strategies can help the Scrum Master support the team in enhancing their communication and collaboration skills? (Choose the two best answers),"Team-building exercises and communication workshops help enhance the Scrum Team’s ability to work together effectively, fostering a collaborative environment. <i>Effective communication is critical to a Scrum Team’s success.</i> (Scrum Guide 2020)",M,PSM-I,Tools and Techniques,Conducting one-on-one sessions to coach individual team members privately.,"Incorrect: While coaching can be valuable, collective improvement in communication is best fostered through team-wide practices.",Using team-building exercises during Retrospectives to strengthen relationships.,Correct: Team-building activities can improve trust and communication among team members.,Encouraging the team to avoid conflicts by limiting direct communication when disagreements arise.,Incorrect: Avoiding communication hinders collaboration and problem-solving.,Facilitating workshops on effective communication techniques tailored to the team’s needs.,Correct: Workshops can provide practical tools and strategies to improve how the team communicates and collaborates.,Assigning the most experienced Developer to lead all discussions.,Incorrect: Assigning a leader undermines team autonomy and balanced participation.,,,"1,4"
"During Sprint Planning, the team disagrees on the priority of a Product Backlog item. How should the Scrum Master handle this? (Choose the best answer)","The Scrum Master should facilitate discussions to help the team align on priorities, ensuring collaborative decision-making during Sprint Planning. <i>Sprint Planning defines what can be delivered in the Sprint and how that work will be achieved.</i> (Scrum Guide 2020)",S,PSM-I,Scrum Events,Decide the priority to keep the planning session moving smoothly.,Incorrect: The Scrum Master facilitates but does not make decisions on backlog priorities.,Facilitate a discussion to ensure all perspectives are heard and guide the team toward a consensus.,Correct: Facilitating discussions helps the team align on priorities and make collaborative decisions.,Ask the Product Owner to set the priority without team input.,"Incorrect: While the Product Owner owns backlog prioritization, team input is essential for alignment.",Move the item to the next Sprint to avoid immediate conflict.,Incorrect: Postponing decisions disrupts planning and may impact the Sprint’s effectiveness.,,,,,2
"During the Sprint, a Developer suggests a new tool that could automate part of the testing process, but it would require time to implement. What should the Scrum Master do? (Choose the best answer)","The Scrum Master should facilitate discussions during the Retrospective to assess new tools, ensuring changes are well-considered and aligned with team goals. <i>The Sprint Retrospective is an opportunity to plan ways to increase quality and effectiveness.</i> (Scrum Guide 2020)",S,PSM-I,Tools and Techniques,Encourage the team to implement the tool immediately to improve efficiency.,Incorrect: Introducing new tools mid-Sprint can disrupt focus and the planned work.,Facilitate a discussion during the next Sprint Retrospective to evaluate the potential benefits and feasibility of the tool.,Correct: The Retrospective is a suitable event to discuss process improvements and potential tool integrations.,Reject the idea to avoid any disruptions to the current Sprint.,"Incorrect: Improvements and innovations should be considered, but at the right time.",Ask the Product Owner to decide whether the tool should be implemented.,"Incorrect: Decisions about process improvements are within the team’s remit, not the Product Owner’s responsibility.",,,,,2
"During Sprint Planning, the Developers want to take on more work than they have capacity for. What should the Scrum Master do? (Choose the best answer)","The Scrum Master should facilitate discussions to help the team assess their capacity and make realistic commitments during Sprint Planning, ensuring sustainable pace and focus on the Sprint Goal. <i>The Developers can select whatever structure and techniques they want, as long as their Daily Scrum focuses on progress toward the Sprint Goal.</i> (Scrum Guide 2020)",S,PSM-I,Sprint Management,Encourage the Developers to take on as much work as possible to maximize productivity.,Incorrect: Overcommitting can lead to incomplete work and burnout.,Facilitate a discussion on realistic capacity and the importance of meeting the Sprint Goal without overloading the team.,Correct: The Scrum Master helps ensure the team plans work that is achievable within their capacity.,Let the Product Owner decide how much work should be included in the Sprint.,Incorrect: The Product Owner prioritizes the Product Backlog but does not dictate the amount of work Developers take on.,Ignore the issue as it’s up to the Developers to manage their workload.,Incorrect: The Scrum Master should support the team in planning realistic workloads that align with their capacity.,,,,,2
"A Scrum Team is frequently missing their Definition of Done, leading to quality issues. What is the best action for the Scrum Master? (Choose the best answer)","The Scrum Master should facilitate discussions to integrate quality practices throughout the development process, helping the team consistently meet the Definition of Done. <i>The Definition of Done helps ensure quality standards are met consistently.</i> (Scrum Guide 2020)",S,PSM-I,Concepts,Extend the Sprint to allow the team more time to meet the Definition of Done.,Incorrect: Extending the Sprint disrupts the Scrum cadence and is not allowed.,Facilitate a discussion on how the team can integrate quality practices earlier in the development process to meet the Definition of Done consistently.,Correct: Integrating quality practices helps the team meet standards consistently and improve their delivery.,Assign specific Developers to handle quality checks before work is considered done.,"Incorrect: Quality is a collective responsibility, not the task of individual Developers.",Ignore the issue as it’s normal for some items to miss the Definition of Done.,Incorrect: Consistently missing the Definition of Done indicates a need for process improvement.,,,,,2
Which two approaches can help a Scrum Team avoid common pitfalls during Product Backlog refinement? (Choose the two best answers),"Regular refinement sessions and open communication between the Product Owner and Developers help maintain a clear, actionable Product Backlog, avoiding common pitfalls. <i>Product Backlog refinement is the act of adding detail, estimates, and order to items in the Product Backlog.</i> (Scrum Guide 2020)",M,PSM-I,Scrum Artifacts,Ensuring only the Product Owner refines the backlog to maintain control over priorities.,Incorrect: Refinement should be a collaborative effort between the Product Owner and Developers.,Encouraging open communication between Developers and the Product Owner to clarify items and prioritize effectively.,Correct: Collaboration during refinement ensures clarity and alignment on priorities.,Setting aside regular time each Sprint for refinement sessions to keep the backlog manageable.,"Correct: Regular refinement sessions help keep the Product Backlog clear, actionable, and prioritized.",Assigning refinement to a dedicated team member to ensure consistency.,Incorrect: Refinement is a shared responsibility and should not be delegated to one person.,Skipping refinement sessions if the team feels the backlog is already clear.,Incorrect: Regular refinement helps maintain the quality and clarity of backlog items.,,,"2,3"
Which three practices help mitigate the impact of common anti-patterns in Daily Scrums? (Choose the three best answers),"Maintaining focus on the Sprint Goal, keeping discussions concise, and addressing impediments promptly help the team manage common Daily Scrum anti-patterns effectively. <i>The Daily Scrum improves communication, identifies impediments, and promotes quick decision-making.</i> (Scrum Guide 2020)",M,PSM-I,Scrum Events,Encouraging each team member to give detailed status reports.,Incorrect: Status reporting is not the purpose of the Daily Scrum; it focuses on planning for the next 24 hours.,Focusing on progress toward the Sprint Goal.,"Correct: Focusing on the Sprint Goal aligns the team on what’s important, reducing the impact of side issues.",Limiting discussions to what’s essential for the team’s planning.,Correct: Keeping the conversation focused helps maintain the efficiency and purpose of the Daily Scrum.,Involving stakeholders in Daily Scrums for additional perspectives.,"Incorrect: Daily Scrums are for Developers, not stakeholders; their participation can distract from the team’s focus.",Encouraging team members to raise impediments as they occur.,Correct: Promptly addressing impediments helps keep the team on track and mitigates process disruptions.,,,"1,3,5"
A Scrum Team is struggling to maintain consistent velocity due to external dependencies. What should the Scrum Master do? (Choose the best answer),"The Scrum Master should facilitate discussions to help the team manage and mitigate dependencies, ensuring consistent planning and delivery. <i>The Scrum Master helps the Scrum Team remove impediments to the team’s progress.</i> (Scrum Guide 2020)",S,PSM-I,Tools and Techniques,Escalate the issue to management and request more resources to manage dependencies.,Incorrect: Escalation should be a last resort; the team should first seek to resolve the dependencies internally.,"Facilitate a discussion with the team to identify ways to manage or mitigate dependencies, possibly incorporating these strategies into their planning.",Correct: Addressing dependencies collaboratively helps the team find ways to manage them effectively within their control.,Ignore the dependencies and focus solely on the work within the team's control.,Incorrect: Ignoring dependencies can lead to incomplete work and inconsistent velocity.,Assign specific team members to manage the dependencies separately.,"Incorrect: Managing dependencies should be a collective effort, not assigned to specific individuals.",,,,,2
Which three strategies can help a Scrum Team integrate stakeholder feedback more effectively into their process? (Choose the three best answers),"Using Sprint Reviews, involving stakeholders in refinement, and maintaining feedback loops are effective strategies for integrating stakeholder input into the Scrum process. <i>Stakeholder collaboration is key to aligning the product with market needs.</i> (Scrum Guide 2020)",M,PSM-I,Scrum Events,Scheduling additional meetings outside of official Scrum events to gather feedback.,Incorrect: Feedback should be integrated through established Scrum events like Sprint Reviews and backlog refinement.,Using the Sprint Review as a primary forum for gathering stakeholder feedback on the Increment.,Correct: The Sprint Review is specifically designed to engage stakeholders and adapt the Product Backlog accordingly.,Involving stakeholders in Product Backlog refinement to align on priorities and expectations.,Correct: Stakeholder involvement in refinement helps ensure that the Product Backlog reflects current needs and priorities.,Documenting all feedback and assigning action items to specific team members.,"Incorrect: Feedback should inform backlog updates, not be treated as individual action items for immediate execution.",Regularly updating stakeholders on how their feedback has been incorporated into the product.,Correct: Providing feedback loops to stakeholders helps maintain engagement and ensures their input is valued and utilized.,,,"1,3,5"
Which three actions can a Scrum Team take to ensure their Definition of Done remains relevant and effective? (Choose the three best answers),"Regular reviews, aligning with industry standards, and incorporating stakeholder feedback help ensure the Definition of Done remains relevant and effective. <i>The Definition of Done creates transparency by providing a shared understanding of what work was completed.</i> (Scrum Guide 2020)",M,PSM-I,Concepts,Reviewing the Definition of Done during each Sprint Retrospective to adjust as necessary.,Correct: Regular reviews during Retrospectives help the team refine their standards to meet evolving needs.,Only changing the Definition of Done when issues are identified during development.,"Incorrect: Proactive reviews, not just reactive changes, keep the Definition of Done relevant.",Including quality metrics that align with industry standards in the Definition of Done.,Correct: Aligning the Definition of Done with industry standards helps ensure that quality remains consistent and competitive.,Setting the Definition of Done once at the start of the project and not revisiting it.,Incorrect: The Definition of Done should evolve with the team’s growing understanding and capabilities.,Incorporating feedback from stakeholders into the Definition of Done to reflect external quality expectations.,Correct: Stakeholder input helps ensure that the Definition of Done meets both internal and external quality expectations.,,,"1,3,5"
Which three pillars of Scrum support the implementation of empirical process control? (Choose the three best answers),"Transparency, Inspection, and Adaptation are the three pillars of Scrum that support empirical process control, allowing the team to continuously improve their work process. <i>These pillars are critical to Scrum’s success.</i> (Scrum Guide 2020)",M,PSM-I,Concepts,Transparency,"Correct: Transparency ensures that the process and work are visible to those responsible for the outcome, enabling inspection and adaptation.",Accountability,Incorrect: Accountability is important but not one of the three pillars of Scrum.,Inspection,Correct: Inspection allows the team to regularly check their progress and adjust their course of action if necessary.,Adaptation,Correct: Adaptation enables the team to make adjustments based on the results of inspection to optimize outcomes.,Commitment,"Incorrect: Commitment is a value, not one of the pillars of Scrum.",,,"1,3,4"
Which two factors are critical in creating a clear and effective Definition of Done? (Choose the two best answers),The Definition of Done should align with organizational standards and be agreed upon by the entire Scrum Team to ensure high quality and consistency. <i>The Definition of Done is a formal description of the state of the Increment when it meets the quality measures required for the product.</i> (Scrum Guide 2020),M,PSM-I,Concepts,Alignment with organizational standards and policies.,Correct: A good Definition of Done aligns with broader organizational quality standards.,Frequent changes to adapt to team preferences.,Incorrect: The Definition of Done should remain stable to maintain consistency.,Agreement among the entire Scrum Team on what constitutes completion.,Correct: The Scrum Team must agree on the Definition of Done to ensure consistency in the quality of work.,Set by the Product Owner alone to control quality.,"Incorrect: The Definition of Done is a collaborative standard, not dictated by one role.",Changing with every Sprint to fit new goals.,Incorrect: Stability in the Definition of Done is crucial for maintaining product quality.,,,"1,3"
Which actions should a Scrum Master take if a Scrum Team is struggling to meet their Definition of Done consistently? (Choose the two best answers),The Scrum Master should facilitate discussions during the Retrospective and coach the team on improving their practices to consistently meet the Definition of Done. <i>The Definition of Done creates transparency by providing everyone a shared understanding of what work was completed as part of the Increment.</i> (Scrum Guide 2020),M,PSM-I,Concepts,Facilitate a discussion during the Retrospective to explore causes and solutions.,Correct: The Retrospective is an opportunity to inspect challenges and plan for improvements.,Lower the standards of the Definition of Done to make it more achievable.,Incorrect: Lowering quality standards undermines the team’s commitment to delivering high-value work.,Coach the team on techniques to improve quality and meet the Definition of Done.,Correct: Coaching can help the team develop better practices to meet their quality standards.,Allow the Product Owner to redefine what Done means.,"Incorrect: The Definition of Done is defined by the whole team, not just the Product Owner.",Ignore the issue if it does not impact the current Sprint.,Incorrect: Consistently meeting the Definition of Done is critical to delivering high-quality Increments.,,,"1,3"
A Scrum Team consistently fails to complete work committed during the Sprint Planning. What should the team do? (Choose the best answer),"The Developers should adapt their planning to commit to a more realistic workload based on their capacity, improving predictability. <i>The Developers forecast the work that can be accomplished during the Sprint.</i> (Scrum Guide 2020)",S,PSM-I,Concepts,Commit to less work in the next Sprint Planning.,"Correct: The team should adjust their commitment to match their capacity, ensuring more realistic planning.",Continue committing the same amount of work and push harder.,Incorrect: Overcommitting can lead to burnout and decreased performance.,Ask the Product Owner to help prioritize work during the Sprint.,Incorrect: Prioritization is set during Sprint Planning and is not adjusted mid-Sprint.,Add more team members to increase capacity.,Incorrect: Adding members is not an immediate solution and requires consideration of team dynamics.,,,,,1
A Scrum Team has identified a recurring issue with their Definition of Done not being met. What should the Scrum Master do to help the team improve? (Choose the best answer),"The Scrum Master should facilitate workshops to help the team review and adjust their Definition of Done, ensuring it is achievable and supports consistent quality standards. <i>The Definition of Done helps create a shared understanding of what is considered complete.</i> (Scrum Guide 2020)",S,PSM-I,Concepts,Reduce the criteria in the Definition of Done to make it easier to meet.,Incorrect: Reducing criteria compromises quality and does not address the root cause of recurring issues.,"Facilitate a workshop to review and adjust the Definition of Done, ensuring it is clear, achievable, and aligned with team capabilities.",Correct: Reviewing and adjusting the Definition of Done helps the team set realistic standards that maintain quality.,Assign specific team members to focus solely on meeting the Definition of Done for each Increment.,"Incorrect: Meeting the Definition of Done is a shared responsibility, not assigned to individuals.",Ignore the issue as long as most of the work meets the expected quality standards.,Incorrect: Ignoring issues with the Definition of Done can lead to inconsistent quality and stakeholder dissatisfaction.,,,,,2
A Scrum Team often rushes to complete their Definition of Done criteria at the end of each Sprint. What is the best course of action for the Scrum Master? (Choose the best answer),"The Scrum Master should facilitate workshops to help the team integrate Definition of Done criteria throughout the development process, ensuring continuous quality assurance. <i>The Definition of Done helps create a shared understanding of what is considered complete.</i> (Scrum Guide 2020)",S,PSM-I,Concepts,Ask the team to lower the Definition of Done criteria to make it easier to achieve.,Incorrect: Lowering quality standards compromises the product’s value and integrity.,"Facilitate workshops on integrating Definition of Done criteria throughout the development process, ensuring quality checks are continuous.",Correct: Integrating quality checks early helps the team meet the Definition of Done consistently and sustainably.,Assign quality assurance tasks to specific team members to handle towards the end of each Sprint.,Incorrect: Quality is a shared responsibility and should be integrated throughout the development process.,"Ignore the issue, trusting the team will eventually improve on their own.",Incorrect: Proactive facilitation helps the team embed quality practices and avoid last-minute rushes.,,,,,2
"During the Sprint, the Developers realize they will not meet the Definition of Done for a key item. What should they do? (Choose the best answer)","The Developers should use the Daily Scrum to inspect and adapt their work plan, ensuring that all items meet the Definition of Done by the end of the Sprint. <i>The Developers create a plan for the Sprint, the Sprint Backlog, and adapt their plan each day toward the Sprint Goal.</i> (Scrum Guide 2020)",S,PSM-I,Concepts,Mark the item as complete and address the missing parts in the next Sprint.,Incorrect: Incomplete work should not be considered done; it must meet the Definition of Done to be counted as complete.,Communicate the issue during the Daily Scrum and adjust their plan to meet the Definition of Done.,Correct: The team should adapt their plan to ensure that work meets the Definition of Done within the Sprint.,Ask the Product Owner to lower the Definition of Done standards temporarily.,Incorrect: The Definition of Done should remain consistent and not be altered for convenience.,Ignore the issue and continue working on other tasks.,Incorrect: Ignoring quality issues compromises the Increment’s value and quality.,,,,,2
The Scrum Master notices that the team frequently struggles with the Definition of Done. What should they do? (Choose the best answer),"The Scrum Master should facilitate discussions to help the team improve their Definition of Done, ensuring they consistently meet the standards required for the Increment. <i>The Definition of Done is a formal description of the state of the Increment when it meets the quality measures required for the product.</i> (Scrum Guide 2020)",S,PSM-I,Concepts,Lower the Definition of Done standards to make them easier to achieve.,Incorrect: Lowering standards undermines the quality and value of the Increment.,Facilitate a discussion to improve the Definition of Done and help the team meet it consistently.,Correct: The Scrum Master should facilitate improvements to ensure the team meets the Definition of Done consistently.,Ignore the issue and focus on completing work faster.,Incorrect: Ignoring quality issues does not align with Scrum principles of delivering high-value Increments.,Ask the Product Owner to redefine the Definition of Done.,"Incorrect: The Definition of Done is created by the entire Scrum Team, not just the Product Owner.",,,,,2
What is the best way to handle non-functional requirements in Scrum? (Choose the best answer),"Non-functional requirements are handled by incorporating them into the Product Backlog, ensuring they are prioritized and visible along with all other work. <i>Product Backlog items that can be done by the Developers within one Sprint are deemed ready for selection in Sprint Planning.</i> (Scrum Guide 2020)",S,PSM-I,Concepts,Integrate them into the Product Backlog and prioritize with other items.,Correct: Non-functional requirements should be visible and managed like any other work.,Handle them during a separate Sprint.,Incorrect: Scrum does not support special Sprints for specific types of work.,Address them only when they cause issues in the product.,"Incorrect: Non-functional requirements should be proactively managed, not only when problems arise.",Assign them to a specialist outside of the team.,"Incorrect: The entire Scrum Team should work on all aspects of the product, including non-functional requirements.",,,,,1
Which Scrum value is demonstrated when the team collaborates openly to resolve issues? (Choose the best answer),Openness is a core Scrum value that fosters an environment where team members freely share information and collaborate effectively to address challenges. <i>The Scrum Team and its stakeholders agree to be open about all the work and the challenges with performing the work.</i> (Scrum Guide 2020),S,PSM-I,Concepts,Focus,Incorrect: Focus involves concentrating on the Sprint Goal but does not specifically relate to collaboration.,Openness,"Correct: Openness encourages team members to be transparent, share information, and work together to solve problems.",Courage,Incorrect: Courage involves taking risks and facing challenges but does not directly relate to collaboration.,Respect,Incorrect: Respect involves valuing others’ contributions but is not specifically about collaboration.,,,,,2
True or False: The Product Owner is responsible for maximizing the value of the product by managing the Product Backlog. (Choose the best answer),The Product Owner is accountable for maximizing the value of the product through careful management of the Product Backlog. <i>The Product Owner is accountable for maximizing the value of the product resulting from the work of the Scrum Team.</i> (Scrum Guide 2020),TF,PSM-I,Roles and Responsibilities,,Correct: The Product Owner maximizes product value through effective Product Backlog management.,,Incorrect: The Product Owner’s main role is to maximize value by managing the Product Backlog effectively.,,,,,,,,,true
True or False: The Product Owner is responsible for maximizing the value of the product by managing the Product Backlog. (Choose the best answer),The Product Owner manages the Product Backlog to maximize the value delivered by the Scrum Team’s work. <i>The Product Owner is accountable for maximizing the value of the product resulting from the work of the Scrum Team.</i> (Scrum Guide 2020),TF,PSM-I,Roles and Responsibilities,,Correct: The Product Owner prioritizes and manages the Product Backlog to maximize product value.,,Incorrect: The Product Owner is solely responsible for maximizing product value through backlog management.,,,,,,,,,true
"A Product Owner often assigns tasks directly to Developers during the Sprint, disrupting their planned work. How should this be handled? (Choose the three best answers)","The Scrum Master should facilitate understanding of the roles, reminding the Product Owner to focus on priorities and letting the Developers manage their own work. <i>The Scrum Master serves the Product Owner by helping to find techniques for effective Product Backlog management.</i> (Scrum Guide 2020)",M,PSM-I,Roles and Responsibilities,Remind the Product Owner that the team self-organizes to manage their work.,"Correct: Developers are responsible for managing their work, and the Product Owner should respect this autonomy.",Include the Product Owner in Daily Scrums to keep them informed.,Incorrect: The Product Owner’s attendance is optional and does not address the issue of task assignment.,Facilitate a discussion about roles and responsibilities in Scrum.,Correct: A clear understanding of each role can help prevent misunderstandings and overreach.,"Encourage the Product Owner to focus on setting priorities, not assigning tasks.",Correct: The Product Owner sets priorities in the Product Backlog but should not assign tasks directly.,Allow the Developers to push back on the assignments independently.,"Incorrect: While self-management is important, facilitating clear roles helps avoid conflict.",,,"1,3,4"
What are the key responsibilities of the Scrum Master in ensuring the Scrum Team's effectiveness? (Choose the two best answers),"The Scrum Master facilitates Scrum events and removes impediments to help the team stay effective and focused on delivering value. <i>The Scrum Master helps the Scrum Team improve its practices, within the Scrum framework.</i> (Scrum Guide 2020)",M,PSM-I,Roles and Responsibilities,Assign tasks to Developers to optimize productivity.,Incorrect: The Scrum Master does not assign tasks; the team is self-managing.,Facilitate Scrum events to ensure they are productive and focused.,"Correct: The Scrum Master facilitates events, ensuring they meet their intended outcomes.",Remove impediments that are hindering the team’s progress.,Correct: Removing impediments is a core responsibility of the Scrum Master to help the team remain effective.,Report team performance metrics to stakeholders.,"Incorrect: The Scrum Master focuses on the team’s process, not on reporting performance metrics.",Take over Product Owner responsibilities if they are absent.,Incorrect: The roles in Scrum are distinct and should not be combined or taken over.,,,"2,3"
Which two actions can the Scrum Master take if a team member frequently misses Daily Scrums? (Choose the two best answers),The Scrum Master can support the team by encouraging participation and facilitating discussions that emphasize the value of the Daily Scrum. <i>The Scrum Master helps everyone understand Scrum theory and practice.</i> (Scrum Guide 2020),M,PSM-I,Roles and Responsibilities,Remind the team member of their commitment to the team.,Correct: Reminding them of their commitment helps reinforce the importance of participation.,Exclude the member from future Daily Scrums until attendance improves.,Incorrect: Exclusion contradicts the collaborative nature of Scrum.,Facilitate a team discussion on the importance of Daily Scrums.,Correct: Facilitating discussions encourages the team to reflect on and improve their practices.,Report the behavior to management for disciplinary action.,Incorrect: Management intervention is not aligned with Scrum principles.,"Ignore the issue, as it is the team member’s choice.",Incorrect: The Scrum Master should support the team in understanding the importance of participation.,,,"1,3"
Which two responsibilities are central to the role of the Scrum Master in supporting the Scrum Team? (Choose the two best answers),The Scrum Master’s core responsibilities include facilitating Scrum events and helping the team remove impediments to their progress. <i>The Scrum Master serves the Scrum Team by helping them improve their practices and effectiveness.</i> (Scrum Guide 2020),M,PSM-I,Roles and Responsibilities,Assigning tasks to Developers based on their skills.,Incorrect: The team self-organizes; the Scrum Master does not assign tasks.,Facilitating Scrum events as requested or needed.,Correct: The Scrum Master ensures that Scrum events are productive and effective.,Helping the team remove impediments that hinder their progress.,Correct: The Scrum Master actively works to help the team overcome obstacles.,Reporting the team’s progress to stakeholders.,Incorrect: Stakeholder communication is primarily managed by the Product Owner.,Creating the Definition of Done for the team.,Incorrect: The Definition of Done is created collaboratively by the team.,,,"2,3"
Which two roles are essential in refining the Product Backlog? (Choose the two best answers),"The Product Owner and Developers collaborate to refine the Product Backlog, ensuring items are clear, actionable, and prioritized. <i>The Product Owner and Developers collaborate on Product Backlog refinement as needed.</i> (Scrum Guide 2020)",M,PSM-I,Roles and Responsibilities,Scrum Master and Developers,Incorrect: The Scrum Master facilitates but does not directly refine the Product Backlog.,Product Owner and Developers,Correct: The Product Owner and Developers work together to refine and clarify the Product Backlog items.,Scrum Master and Product Owner,"Incorrect: The Product Owner leads the refinement process, supported by the Developers.",Developers and Stakeholders,"Incorrect: Stakeholders provide feedback, but refinement is managed by the Product Owner and Developers.",Scrum Master and Stakeholders,Incorrect: The Scrum Master and Stakeholders do not manage refinement directly.,,,"2,3"
"A Developer frequently misses the Daily Scrum, impacting team collaboration. What is the best action for the Scrum Master? (Choose the best answer)","The Scrum Master should address attendance issues by facilitating a conversation with the Developer to encourage regular participation in the Daily Scrum. <i>The Daily Scrum improves communication, identifies impediments, and promotes quick decision-making.</i> (Scrum Guide 2020)",S,PSM-I,Roles and Responsibilities,Ignore the absences as it is the Developer’s personal choice.,Incorrect: Regular attendance is essential for team collaboration and progress.,Facilitate a conversation with the Developer to understand the reasons for the absences and encourage participation.,Correct: The Scrum Master supports the team by addressing attendance issues constructively.,Require the Developer to submit a written report instead of attending the Daily Scrum.,"Incorrect: The Daily Scrum is intended for real-time collaboration, not reporting.",Exclude the Developer from future Sprints until they commit to attending.,Incorrect: Exclusion is not a constructive approach and could harm team dynamics.,,,,,2
"A Developer is frequently taking on tasks beyond their expertise, leading to delays. How should the Scrum Master address this? (Choose the best answer)","The Scrum Master should facilitate discussions on skill development and encourage pairing or mentoring, helping the team become more versatile and effective. <i>The Scrum Team is cross-functional, meaning the members have all the skills necessary to create value each Sprint.</i> (Scrum Guide 2020)",S,PSM-I,Roles and Responsibilities,Reassign tasks to match the Developer’s skills more closely to avoid future delays.,"Incorrect: Task assignment should be managed collectively and encourage skill development, not just match current expertise.",Facilitate a discussion on skill development and encourage pairing or mentoring to build expertise within the team.,Correct: Encouraging skill development helps the team become more cross-functional and reduces dependency on specific individuals.,"Ignore the issue, assuming the Developer will eventually improve on their own.",Incorrect: Addressing skill gaps proactively supports continuous learning and team effectiveness.,Ask the Product Owner to assign simpler tasks to the Developer to avoid delays.,Incorrect: The Product Owner prioritizes items but does not assign tasks to individual team members.,,,,,2
A Product Owner is consistently unavailable to answer questions about the Product Backlog items during the Sprint. What should the Scrum Master do? (Choose the best answer),The Scrum Master should facilitate discussions to ensure the Product Owner understands their role in supporting the team during the Sprint. <i>The Product Owner is accountable for maximizing the value of the product resulting from the work of the Scrum Team.</i> (Scrum Guide 2020),S,PSM-I,Roles and Responsibilities,Ask the Developers to make assumptions and proceed with the work.,Incorrect: Assumptions can lead to misalignment and errors.,Facilitate a conversation with the Product Owner to ensure they understand the importance of availability for the team.,Correct: The Scrum Master helps improve communication and ensures the Product Owner is available to support the team.,Escalate the issue to upper management to address the Product Owner’s unavailability.,Incorrect: This issue should be resolved within the Scrum Team without external escalation.,Ignore the issue and continue working on other available tasks.,Incorrect: The Scrum Master should address the issue to avoid misalignment and blockages.,,,,,2
A Scrum Team is consistently interrupted during Sprints by requests for updates from various stakeholders. How should the Scrum Master address this issue? (Choose the best answer),The Scrum Master should facilitate the establishment of communication protocols that help the team maintain focus while ensuring stakeholders are kept informed through appropriate channels. <i>The Scrum Master helps the Scrum Team focus on creating high-value Increments.</i> (Scrum Guide 2020),S,PSM-I,Roles and Responsibilities,Instruct the team to ignore all external communications during the Sprint to maintain focus.,Incorrect: Ignoring stakeholder communications can lead to misalignment and missed opportunities for feedback.,Facilitate the establishment of clear communication protocols that direct stakeholders to the Product Owner for updates.,Correct: Setting communication protocols helps the team focus while ensuring stakeholders receive necessary updates through appropriate channels.,Encourage the team to provide frequent updates directly to stakeholders as needed.,Incorrect: Direct updates during the Sprint can cause disruptions and reduce team productivity.,Ask the Product Owner to handle all stakeholder communications independently.,"Incorrect: While the Product Owner manages stakeholder expectations, communication protocols should involve the whole team.",,,,,2
A Scrum Team is struggling with unclear requirements that frequently change. What should the Scrum Master do? (Choose the best answer),The Scrum Master should facilitate communication between the Developers and the Product Owner to ensure that requirements are clear and aligned. <i>The Scrum Master helps the Scrum Team improve its practices within the Scrum framework.</i> (Scrum Guide 2020),S,PSM-I,Roles and Responsibilities,Ask the Developers to proceed with their best guess.,Incorrect: Working on assumptions can lead to errors and inefficiencies.,Facilitate a session between the Developers and the Product Owner to clarify and refine the requirements.,Correct: The Scrum Master supports collaboration and clarity between the Developers and Product Owner.,Remove the unclear requirements from the Sprint Backlog.,"Incorrect: Requirements should be clarified, not removed impulsively.",Extend the Sprint to allow more time for clarification.,Incorrect: Sprints are time-boxed and should not be extended.,,,,,2
"During a Sprint, a Developer is blocked by an external dependency that wasn't identified during Sprint Planning. What should the Scrum Master do? (Choose the best answer)",The Scrum Master should help the team manage the impediment by facilitating a discussion to explore possible solutions. <i>The Scrum Master helps the Scrum Team remove impediments to the team’s progress.</i> (Scrum Guide 2020),S,PSM-I,Roles and Responsibilities,Instruct the Developer to wait until the dependency is resolved.,Incorrect: Waiting without taking action can cause further delays.,Facilitate a discussion with the team to explore ways to manage or mitigate the dependency.,Correct: The Scrum Master helps the team identify and remove impediments to maintain progress.,Report the issue to management for immediate intervention.,Incorrect: Management intervention should be a last resort; the team should try to resolve it internally.,Ask the Product Owner to handle the dependency.,"Incorrect: Handling technical dependencies is primarily the responsibility of the Developers, facilitated by the Scrum Master.",,,,,2
"During a Sprint, the Developers discover that they are missing a key skill needed to complete a Product Backlog item. What should the Scrum Master do? (Choose the best answer)","The Scrum Master should facilitate skill development within the team, promoting a self-managing environment. <i>The Scrum Master helps the Scrum Team improve their practices within the Scrum framework.</i> (Scrum Guide 2020)",S,PSM-I,Roles and Responsibilities,Arrange for an external consultant to help with the task.,Incorrect: Bringing in external help undermines the self-managing nature of the team.,Facilitate learning and skill-sharing among the Developers.,Correct: The Scrum Master should encourage the team to learn and grow by sharing skills.,Remove the item from the Sprint Backlog.,Incorrect: Removing items disrupts the Sprint Goal and should be avoided unless critical.,Ask the Product Owner to reprioritize the work.,"Incorrect: The Product Owner manages backlog priorities, not mid-Sprint work adjustments.",,,,,2
"During Sprint Planning, the Developers identify that an item requires external expertise that the team lacks. What should the Scrum Master do? (Choose the best answer)","The Scrum Master should facilitate discussions to address skill gaps, supporting the team in finding collaborative solutions to manage complex work effectively. <i>The Scrum Team is cross-functional, meaning the members have all the skills necessary to create value each Sprint.</i> (Scrum Guide 2020)",S,PSM-I,Roles and Responsibilities,Assign the task to the most experienced Developer on the team regardless of expertise.,Incorrect: Assigning tasks based on availability rather than skill can lead to suboptimal results.,"Facilitate a discussion on how to address the skill gap, such as training, pairing, or temporarily bringing in outside expertise.",Correct: The Scrum Master supports the team in finding ways to handle skill gaps collaboratively.,Delay the work until the team acquires the necessary skills in a future Sprint.,Incorrect: Delaying critical work may impact the Product Goal; exploring immediate solutions is preferred.,Escalate the issue to management to provide the necessary resources.,Incorrect: Escalation should be a last resort; the team should first attempt to find a solution internally.,,,,,2
True or False: The Product Backlog refinement is an official Scrum event with a set time box. (Choose the best answer),"Product Backlog refinement is an ongoing activity that keeps the backlog manageable, without being a formal event or having a set time box. <i>Refinement is the act of adding detail, estimates, and order to items in the Product Backlog.</i> (Scrum Guide 2020)",TF,PSM-I,Scrum Artifacts,,"Incorrect: Product Backlog refinement is an activity, not an official Scrum event, and it does not have a set time box.",,Correct: Refinement is an ongoing activity that helps keep the Product Backlog manageable and is not officially time-boxed.,,,,,,,,,false
Which three best practices can help a Scrum Team maintain a transparent and manageable Product Backlog? (Choose the three best answers),"Maintaining a transparent and manageable Product Backlog involves regular refinement, stakeholder feedback, and continuous updates to reflect the latest insights and priorities. <i>Product Backlog refinement is the act of adding detail, estimates, and order to items in the Product Backlog.</i> (Scrum Guide 2020)",M,PSM-I,Scrum Artifacts,Regular refinement sessions to clarify and prioritize items.,Correct: Regular refinement ensures that the Product Backlog remains clear and actionable.,Detailed task lists for each Developer.,"Incorrect: The Product Backlog focuses on items and their priority, not on task lists.",Stakeholder involvement to provide feedback and adjust priorities.,Correct: Stakeholder feedback helps keep the backlog aligned with current needs and priorities.,Continuous updates based on team feedback and completed work insights.,Correct: Regular updates based on feedback ensure the backlog remains relevant and prioritized.,Assigning tasks directly to Developers during refinement.,"Incorrect: Refinement is about prioritizing and clarifying items, not assigning tasks.",,,"1,3,5"
Which three elements are crucial for maintaining a transparent Product Backlog? (Choose the three best answers),"Regular refinement, stakeholder input, and using tools that enhance visibility help maintain a transparent Product Backlog, supporting effective team alignment. <i>The Product Backlog is an emergent, ordered list of what is needed to improve the product.</i> (Scrum Guide 2020)",M,PSM-I,Scrum Artifacts,Ensuring that all items are fully detailed before adding them to the Product Backlog.,Incorrect: Over-detailing items can slow down the process and limit flexibility; clarity and actionability are key.,"Regularly refining the Product Backlog to keep items up-to-date, prioritized, and actionable.",Correct: Continuous refinement ensures the backlog reflects current priorities and supports effective Sprint Planning.,Including input from stakeholders during refinement to align the backlog with market needs and expectations.,Correct: Stakeholder input helps ensure the backlog is aligned with evolving needs and provides maximum value.,"Using backlog management tools that provide visibility into item status, priority, and dependencies.",Correct: Tools that enhance transparency help the team manage the backlog more effectively and make informed decisions.,Relying solely on the Product Owner to manage and update the backlog independently.,"Incorrect: Product Backlog management is a collaborative effort, not the sole responsibility of the Product Owner.",,,"1,3,5"
Which three key factors contribute to a well-maintained Product Backlog? (Choose the three best answers),"Engaging stakeholders, refining items regularly, and using Retrospective feedback help maintain a well-aligned and actionable Product Backlog. <i>Product Backlog refinement is the act of adding detail, estimates, and order to items in the Product Backlog.</i> (Scrum Guide 2020)",M,PSM-I,Scrum Artifacts,Only updating the Product Backlog during formal Scrum events like Sprint Planning and Reviews.,Incorrect: The Product Backlog should be continuously updated as needed to reflect the latest priorities and insights.,Engaging stakeholders regularly to gather feedback and incorporate it into the backlog.,Correct: Stakeholder feedback ensures the backlog aligns with evolving needs and expectations.,"Regularly refining backlog items to add detail, estimates, and adjust priorities.",Correct: Ongoing refinement keeps the backlog actionable and aligned with the team’s capacity.,Using feedback from the Sprint Retrospective to adjust and improve the backlog management process.,"Correct: Retrospective insights help the team refine their processes, improving backlog management over time.",Delegating backlog refinement solely to the Product Owner to maintain control.,Incorrect: Refinement should be a collaborative process involving the whole team.,,,"1,3,5"
Which two roles are essential during the refinement of the Product Backlog to ensure items are well-prepared for future Sprints? (Choose the two best answers),"The Product Owner and Developers work together during refinement to ensure that Product Backlog items are clear, well-understood, and ready for upcoming Sprints. <i>Product Backlog refinement is a continuous process of keeping the backlog ordered and actionable.</i> (Scrum Guide 2020)",M,PSM-I,Scrum Artifacts,Scrum Master and Stakeholders,"Incorrect: While stakeholders provide input, they do not directly manage backlog refinement.",Product Owner and Developers,"Correct: The Product Owner and Developers collaborate to refine items, ensuring they are clear, actionable, and ready for future Sprints.",Scrum Master and Product Owner,"Incorrect: The Product Owner leads refinement, while the Scrum Master facilitates the process but does not directly refine the backlog.",Developers and Stakeholders,"Incorrect: Stakeholders provide feedback, but refinement is managed by the Product Owner and Developers.",Scrum Master and Developers,"Incorrect: The Developers refine the backlog with the Product Owner, supported by the Scrum Master in facilitation roles.",,,"1,2"
Which two Scrum artifacts are most directly linked to providing transparency about the work being done during the Sprint? (Choose the two best answers),"The Sprint Backlog and Increment provide the most transparency about ongoing work and the results of that work during the Sprint. <i>The Sprint Backlog is a plan by and for the Developers, and the Increment is the sum of all completed work at the end of the Sprint.</i> (Scrum Guide 2020)",M,PSM-I,Scrum Artifacts,Product Backlog,"Incorrect: The Product Backlog provides transparency about future work, not current Sprint work.",Sprint Backlog,Correct: The Sprint Backlog shows the work planned for the Sprint and helps track progress.,Increment,"Correct: The Increment represents the work completed during the Sprint, showing what has been achieved.",Definition of Done,Incorrect: The Definition of Done sets quality standards but does not track ongoing work.,Burnup Chart,"Incorrect: While useful, it is not an official Scrum artifact.",,,"2,3"
"During Product Backlog refinement, a Scrum Team is unsure how to prioritize items effectively. What should the Scrum Master do? (Choose the best answer)","The Scrum Master should facilitate prioritization workshops to help the team and Product Owner align on priorities, ensuring that the most valuable items are addressed first. <i>Product Backlog refinement is key to maintaining an actionable and prioritized backlog.</i> (Scrum Guide 2020)",S,PSM-I,Scrum Artifacts,Ask the Product Owner to decide on priorities without input from the team to speed up the process.,"Incorrect: Prioritization should be a collaborative process, reflecting both stakeholder needs and team input.",Facilitate a prioritization workshop using techniques like MoSCoW or value vs. effort analysis to help the team and Product Owner align on priorities.,Correct: Prioritization workshops help the team and Product Owner make informed decisions based on value and effort.,"Allow the team to work on items in any order they prefer, without prioritization constraints.",Incorrect: Working without prioritization can lead to misalignment with stakeholder needs and strategic goals.,"Ignore the prioritization issue, trusting the team will eventually develop a natural order of work.",Incorrect: Structured prioritization helps ensure that the most valuable work is tackled first.,,,,,2
What is the main purpose of the Increment in Scrum? (Choose the best answer),"The Increment is a usable, potentially shippable product that adds value and represents completed work meeting the Definition of Done. <i>The Increment is a concrete stepping stone toward the Product Goal.</i> (Scrum Guide 2020)",S,PSM-I,Scrum Artifacts,To demonstrate all the work completed during the project.,"Incorrect: The Increment shows the work completed during the Sprint, not the entire project.",To provide a usable and potentially shippable product that adds value to the stakeholders.,"Correct: Each Increment builds on the previous ones, providing usable value.",To track the progress of the team’s work.,"Incorrect: The Increment reflects completed work, not ongoing progress.",To plan the next Sprint’s tasks.,"Incorrect: The Increment is the result of completed work, not a planning tool.",,,,,2
What is the primary purpose of the Product Backlog in Scrum? (Choose the best answer),"The Product Backlog is a continuously updated list of all work needed for the product, ordered by priority to maximize value. <i>The Product Backlog is an ordered list of everything that is known to be needed in the product.</i> (Scrum Guide 2020)",S,PSM-I,Scrum Artifacts,To assign work to Developers based on their expertise.,Incorrect: The Product Backlog does not assign tasks; it is a prioritized list of work needed for the product.,"To provide a dynamic, prioritized list of all work needed to improve the product.",Correct: The Product Backlog is managed by the Product Owner and continuously updated to maximize value.,To track the progress of completed tasks.,"Incorrect: The Product Backlog focuses on future work, not tracking what has been done.",To ensure all team members are equally busy.,"Incorrect: The Product Backlog aims to maximize product value, not to distribute workload evenly.",,,,,2
Which artifact is used to measure progress toward completing work during a Sprint? (Choose the best answer),The Sprint Backlog is used by the Developers to track progress and adjust the work needed to meet the Sprint Goal. <i>The Sprint Backlog is a plan by and for the Developers.</i> (Scrum Guide 2020),S,PSM-I,Scrum Artifacts,Product Backlog,"Incorrect: The Product Backlog is a list of all work needed for the product, not specific to the Sprint.",Sprint Backlog,Correct: The Sprint Backlog includes the planned work and helps track progress toward the Sprint Goal.,Increment,"Incorrect: The Increment is the result of completed work, not a tracker of ongoing work.",Burnup Chart,"Incorrect: Although useful, it is not a core Scrum artifact.",,,,,1
True or False: The Daily Scrum helps the team inspect progress toward the Sprint Goal and adjust their plan accordingly. (Choose the best answer),The Daily Scrum is designed to help the team inspect their progress and make necessary adjustments to achieve the Sprint Goal. <i>The purpose of the Daily Scrum is to inspect progress toward the Sprint Goal and adapt the Sprint Backlog as necessary.</i> (Scrum Guide 2020),TF,PSM-I,Scrum Events,,Correct: The Daily Scrum is a key event where the team inspects their progress and adapts their plan to stay on track.,,Incorrect: The Daily Scrum focuses specifically on inspecting progress toward the Sprint Goal and adapting as necessary.,,,,,,,,,true
True or False: The Scrum Master is responsible for assigning tasks to Developers during the Daily Scrum. (Choose the best answer),"The Developers are responsible for managing their tasks; the Scrum Master facilitates the process but does not assign tasks. <i>The Developers can select whatever structure and techniques they want, as long as their Daily Scrum focuses on progress toward the Sprint Goal.</i> (Scrum Guide 2020)",TF,PSM-I,Scrum Events,,Incorrect: The Scrum Master does not assign tasks; the Developers self-manage their work.,,"Correct: The Developers self-organize and manage their own tasks, with the Scrum Master facilitating as needed.",,,,,,,,,false
Which three elements should be included in the Sprint Planning process? (Choose the three best answers),"Sprint Planning involves defining the Sprint Goal, selecting items for the Sprint Backlog, and creating a plan to achieve the goal. <i>Sprint Planning sets the focus and defines what can be delivered during the Sprint.</i> (Scrum Guide 2020)",M,PSM-I,Scrum Events,Defining the Sprint Goal.,Correct: The Sprint Goal sets the focus and purpose of the Sprint.,Selecting items from the Product Backlog to work on.,Correct: The team selects work items from the Product Backlog that will be included in the Sprint Backlog.,Assigning specific tasks to each Developer.,Incorrect: Task assignment is not part of Sprint Planning; the Developers self-organize their work.,Creating a detailed task list for the Sprint.,Correct: A plan is made on how to achieve the Sprint Goal and complete the selected Product Backlog items.,Revising the Definition of Done.,Incorrect: The Definition of Done is not typically revised during Sprint Planning; it guides the quality of the Increment.,,,"1,2,4"
Which two actions are essential for the Scrum Master to support the Scrum Team during the Daily Scrum? (Choose the two best answers),The Scrum Master supports the team by encouraging open communication and ensuring the team addresses impediments during the Daily Scrum. <i>The Daily Scrum is an internal meeting for the Developers of the Scrum Team.</i> (Scrum Guide 2020),M,PSM-I,Scrum Events,Leading the Daily Scrum to ensure it stays on track.,"Incorrect: The Daily Scrum is led by the Developers, not the Scrum Master.",Ensuring the team addresses impediments and adjusts their plan as needed.,Correct: The Scrum Master helps the team focus on progress toward the Sprint Goal.,Encouraging open communication and collaboration among team members.,Correct: Open communication fosters a productive Daily Scrum environment.,Assigning tasks to team members to ensure progress.,Incorrect: The Scrum Master does not assign tasks; the team self-organizes.,Documenting each team member’s progress for performance tracking.,"Incorrect: The Daily Scrum is for the team’s use, not for documenting performance.",,,"2,3"
Which two roles collaborate most closely during Sprint Planning to ensure the work selected is achievable? (Choose the two best answers),The Product Owner and Developers work closely during Sprint Planning to ensure that the selected work aligns with priorities and is achievable within the Sprint. <i>The Developers are responsible for all estimates of work done in the Sprint.</i> (Scrum Guide 2020),M,PSM-I,Scrum Events,Developers and Stakeholders,Incorrect: Stakeholders are not directly involved in Sprint Planning; their input is considered through the Product Backlog.,Product Owner and Developers,"Correct: The Product Owner provides the prioritized items, and the Developers assess what can be accomplished.",Scrum Master and Product Owner,Incorrect: The Scrum Master facilitates the planning process but does not directly decide on the work selected.,Developers and Scrum Master,"Incorrect: While the Scrum Master facilitates, the Developers make the final decisions on what work they can accomplish.",Product Owner and Stakeholders,"Incorrect: Stakeholders influence priorities, but they are not involved in the detailed planning of the Sprint.",,,"1,2"
A Scrum Team is finding it difficult to collaborate effectively during the Daily Scrums. What should the Scrum Master do? (Choose the best answer),"The Scrum Master should facilitate the Daily Scrum to help the Developers stay focused, ensuring the event meets its purpose of inspecting progress toward the Sprint Goal. <i>The Scrum Master ensures that the event takes place and is kept within the 15-minute time-box.</i> (Scrum Guide 2020)",S,PSM-I,Scrum Events,Facilitate the Daily Scrum to ensure it is focused and productive.,Correct: The Scrum Master can help guide the Daily Scrum to keep it on track and productive.,Allow the Developers to conduct the Daily Scrum independently without any structure.,Incorrect: The Daily Scrum needs structure to ensure it meets its objectives.,Cancel the Daily Scrums temporarily until the team is more organized.,Incorrect: The Daily Scrum is crucial for daily inspection and adaptation and should not be canceled.,Extend the timebox of the Daily Scrum to allow more discussion.,Incorrect: The Daily Scrum is strictly time-boxed to 15 minutes.,,,,,1
"During Sprint Planning, the Developers identify that they may not have enough capacity to meet the Sprint Goal due to an upcoming holiday. What should they do? (Choose the best answer)","The Developers must adjust the Sprint Goal and the planned work based on their realistic capacity, ensuring a feasible commitment. <i>The Developers are solely responsible for creating a plan for the Sprint, the Sprint Backlog.</i> (Scrum Guide 2020)",S,PSM-I,Scrum Events,Adjust the Sprint Goal to match their available capacity.,Correct: The Developers should plan realistically based on available capacity.,Ignore the holiday and proceed as planned.,Incorrect: Capacity planning should account for known unavailability.,Add more work to compensate later in the Sprint.,Incorrect: Overloading the Sprint Backlog is not a sustainable approach.,Ask the Scrum Master to extend the Sprint duration.,Incorrect: Sprints have fixed durations and cannot be extended.,,,,,1
"During the Daily Scrum, the Developers realize they are not making sufficient progress toward the Sprint Goal. What should they do? (Choose the best answer)","The Daily Scrum allows the Developers to inspect progress and adapt their plans, ensuring they remain focused on achieving the Sprint Goal. <i>The Developers plan their work for the next 24 hours and inspect the progress toward the Sprint Goal.</i> (Scrum Guide 2020)",S,PSM-I,Scrum Events,Continue with the current plan and hope to catch up later.,Incorrect: The team should inspect and adapt their plan to improve their chances of achieving the Sprint Goal.,Discuss the issues during the Daily Scrum and adjust the plan as needed.,Correct: The Daily Scrum is the right place to inspect progress and adapt plans to meet the Sprint Goal.,Ask the Scrum Master to solve the issues for them.,Incorrect: The Scrum Master facilitates but does not directly solve issues for the team.,Wait until the Sprint Retrospective to address the issues.,"Incorrect: Issues impacting progress should be addressed immediately, not delayed until the Retrospective.",,,,,2
"During the Sprint Retrospective, the team identifies that communication issues are affecting their collaboration. What should the Scrum Master do? (Choose the best answer)","The Scrum Master should facilitate discussions during the Retrospective to help the team identify specific actions to improve communication, enhancing collaboration and team performance. <i>The Scrum Master ensures that the Scrum Team understands the importance of inspecting and adapting.</i> (Scrum Guide 2020)",S,PSM-I,Scrum Events,Ignore the issue and let the team resolve it independently.,"Incorrect: The Scrum Master should facilitate improvements in team communication, not ignore issues.",Facilitate a discussion to identify specific communication improvements and implement them.,Correct: The Scrum Master should help the team identify specific actions to improve communication.,Report the communication issues to management for resolution.,"Incorrect: The Scrum Master should handle team dynamics within the Scrum Team, not escalate to management.",Change the Daily Scrum format to address communication problems.,Incorrect: The Daily Scrum’s purpose is not to address communication issues directly.,,,,,2
"During the Sprint Review, stakeholders suggest changes that would impact the current Sprint Goal. What should the Scrum Team do? (Choose the best answer)","The Scrum Team should discuss the stakeholder feedback and update the Product Backlog, ensuring that future Sprints reflect the needed changes without disrupting the current Sprint. <i>The purpose of the Sprint Review is to inspect the outcome of the Sprint and determine future adaptations.</i> (Scrum Guide 2020)",S,PSM-I,Scrum Events,Immediately change the Sprint Goal to accommodate stakeholder feedback.,Incorrect: The Sprint Goal is fixed once the Sprint begins and should not be changed mid-Sprint.,Discuss the feedback and update the Product Backlog for future Sprints.,"Correct: The Scrum Team should use the feedback to adapt future work, not change the current Sprint Goal.",Ignore the feedback as it is too late to make changes.,Incorrect: Feedback is valuable and should be considered for future work.,End the Sprint early to start a new one with the updated goal.,Incorrect: Sprints should run their full duration unless the Sprint Goal is no longer relevant.,,,,,2
"During the Sprint, the Developers find that they are unable to complete all the work they initially planned. What should they do? (Choose the best answer)","The Developers should work with the Product Owner to adjust the Sprint Backlog, ensuring that the Sprint remains focused on achieving the Sprint Goal within the timebox. <i>The Developers can adjust their plan each day during the Sprint, and adjust the Sprint Backlog as needed.</i> (Scrum Guide 2020)",S,PSM-I,Scrum Events,Ask the Scrum Master to adjust the Sprint Goal.,"Incorrect: The Sprint Goal remains fixed once the Sprint starts; adjustments should focus on the Sprint Backlog, not the goal.",Work with the Product Owner to adjust the Sprint Backlog as needed.,Correct: The team should collaborate with the Product Owner to adjust the Sprint Backlog based on current progress.,Extend the Sprint duration to finish the remaining work.,Incorrect: Sprints are time-boxed and should not be extended.,Cancel the Sprint and start over with a new plan.,Incorrect: Sprints should not be canceled unless the Sprint Goal becomes obsolete.,,,,,2
Which practice helps ensure the team consistently improves its working process during the Sprint Retrospective? (Choose the best answer),"Facilitating discussions during the Retrospective helps the team identify and agree on actionable improvements, enhancing their working process. <i>The purpose of the Sprint Retrospective is to plan ways to increase quality and effectiveness.</i> (Scrum Guide 2020)",S,PSM-I,Scrum Events,Assigning improvement tasks to specific team members immediately after each Retrospective.,Incorrect: Assigning tasks undermines the team’s collective responsibility for improvement.,Facilitating a discussion where the team identifies key improvements and agrees on actionable steps.,Correct: Collaborative discussions ensure the team takes ownership of their improvement actions.,Having the Scrum Master decide on the improvements and assign them to the team.,"Incorrect: The Scrum Master facilitates, but improvements should be identified and owned by the team.",Skipping Retrospectives if the team feels satisfied with their current process.,"Incorrect: Retrospectives are essential for ongoing improvement, regardless of current satisfaction levels.",,,,,2
Which action should the Scrum Master take if the Developers do not meet the Sprint Goal? (Choose the best answer),"If the Sprint Goal is not met, the Scrum Master facilitates a discussion in the Sprint Retrospective to identify areas of improvement and help the team adapt. <i>The Scrum Master ensures that the event takes place and that attendants understand its purpose.</i> (Scrum Guide 2020)",S,PSM-I,Scrum Events,Punish the team for not achieving the goal.,Incorrect: The Scrum Master does not punish; they coach the team toward continuous improvement.,Facilitate a discussion during the Sprint Retrospective on what went wrong.,Correct: The Sprint Retrospective is the place to reflect on challenges and adjust for future Sprints.,Report the failure to stakeholders and management.,Incorrect: The Scrum Team handles their own improvements internally without blame.,Extend the Sprint to allow more time to complete the goal.,Incorrect: Sprints are time-boxed and should not be extended.,,,,,2
What is the primary goal of conducting Sprint Reviews with stakeholders? (Choose the best answer),"The Sprint Review aims to inspect the Increment, gather stakeholder feedback, and adapt the Product Backlog to better meet the product’s needs. <i>The Sprint Review is a working session and the Scrum Team should avoid limiting it to a presentation.</i> (Scrum Guide 2020)",S,PSM-I,Scrum Events,To evaluate individual team member performance based on their contributions.,Incorrect: The Sprint Review is not an evaluation of individual performance but a collaborative discussion on the Increment.,"To inspect the Increment, gather feedback, and adapt the Product Backlog accordingly.",Correct: The Sprint Review helps align the product with stakeholder needs and guides future work.,To finalize the work done during the Sprint and close it out formally.,"Incorrect: The Sprint Review is a working session for feedback, not a formal closure event.",To set new priorities for the next Sprint without involving the Product Owner.,Incorrect: The Product Owner plays a key role in setting priorities and updating the Product Backlog based on feedback.,,,,,2
What is the main function of the Sprint Goal in Scrum? (Choose the best answer),"The Sprint Goal provides a common objective that guides the team’s work during the Sprint, helping them stay focused and aligned. <i>The Sprint Goal is the single objective for the Sprint.</i> (Scrum Guide 2020)",S,PSM-I,Scrum Events,To assign specific tasks to team members.,Incorrect: The Sprint Goal does not assign tasks; it provides focus and direction for the Sprint.,To provide a single objective for the team to achieve during the Sprint.,Correct: The Sprint Goal offers the team a common objective and focus for the Sprint.,To measure the performance of individual Developers.,"Incorrect: The Sprint Goal is about team progress, not individual performance.",To define the exact amount of work that must be completed in the Sprint.,Incorrect: The Sprint Goal guides the work but does not dictate the exact scope.,,,,,2
The Scrum Team notices that stakeholders are not actively engaging during the Sprint Review. What should the Scrum Master do? (Choose the best answer),"The Scrum Master should facilitate discussions with stakeholders to improve their engagement during Sprint Reviews, ensuring that their feedback is incorporated into the team's work. <i>The Scrum Master ensures that Scrum events take place and are positive, productive, and kept within the timebox.</i> (Scrum Guide 2020)",S,PSM-I,Scrum Events,Report the issue to management to get stakeholders involved.,"Incorrect: The Scrum Master should address the issue directly with the stakeholders and the team, not escalate to management.",Facilitate a discussion with the stakeholders to understand their needs and improve engagement.,Correct: The Scrum Master should engage stakeholders in discussions to ensure their feedback and needs are met.,Cancel future Sprint Reviews until stakeholders commit to attending.,Incorrect: Sprint Reviews are essential for inspecting and adapting; they should not be canceled.,Ignore the issue and focus on team activities only.,Incorrect: Stakeholder feedback is crucial for the Scrum Team to adapt and improve.,,,,,2
The Developers have noticed that the Daily Scrum is becoming unproductive. What is the best approach for the Scrum Master? (Choose the best answer),The Scrum Master should facilitate discussions on improving the Daily Scrum to ensure it remains valuable. <i>The Scrum Master ensures that the event takes place and is kept within the timebox.</i> (Scrum Guide 2020),S,PSM-I,Scrum Events,Cancel the Daily Scrum until the team feels it’s needed again.,Incorrect: The Daily Scrum is essential and should not be skipped.,Facilitate a discussion to find ways to improve the Daily Scrum.,Correct: The Scrum Master should help the team make the Daily Scrum more effective and valuable.,Assign a team member to lead the Daily Scrum.,Incorrect: The Daily Scrum is a self-organized event led by the Developers.,Turn the Daily Scrum into a longer meeting to cover more topics.,Incorrect: Extending the Daily Scrum can reduce its focus and efficiency.,,,,,2
A Scrum Team is struggling to incorporate stakeholder feedback into their Product Backlog efficiently. What should the Scrum Master do? (Choose the best answer),"The Scrum Master should facilitate feedback sessions to ensure stakeholder input is captured and prioritized effectively, supporting alignment and continuous improvement. <i>Stakeholders play a vital role in providing feedback that informs Product Backlog refinement.</i> (Scrum Guide 2020)",S,PSM-I,Scrum Events,Ask the Product Owner to collect all feedback and handle it independently to speed up the process.,Incorrect: Feedback incorporation should be a collaborative process involving the whole team during refinement.,Facilitate a feedback session with stakeholders and the team to capture and prioritize feedback for refinement.,Correct: Facilitating feedback sessions ensures that stakeholder input is effectively captured and integrated into the Product Backlog.,Ignore the feedback until the end of the Sprint to avoid disruptions.,Incorrect: Ignoring feedback delays valuable input and can lead to misalignment with stakeholder needs.,Assign feedback tasks to specific team members to handle outside of regular Scrum events.,Incorrect: Feedback should be addressed collaboratively and transparently within the Scrum framework.,,,,,2
"During Sprint Planning, the team realizes that they have overestimated their capacity for the Sprint. What should they do? (Choose the best answer)","The Developers should adjust the scope of work during Sprint Planning to align with their capacity, ensuring they set a realistic Sprint Goal. <i>Developers are solely responsible for creating a plan for the Sprint, the Sprint Backlog.</i> (Scrum Guide 2020)",S,PSM-I,Scrum Events,Proceed with the original plan and adjust during the Sprint.,Incorrect: Starting with an unrealistic plan will likely result in failure to meet the Sprint Goal.,Reduce the scope of work to match their capacity and update the Sprint Backlog.,Correct: The team should adjust the Sprint Backlog during planning to set a realistic goal.,Extend the Sprint duration to complete all items.,Incorrect: Sprints are time-boxed and cannot be extended.,Ask the Product Owner to reprioritize the backlog.,"Incorrect: Reprioritization occurs during Sprint Planning, not mid-Sprint.",,,,,2
A Scrum Team is struggling to complete work by the end of each Sprint due to unclear requirements. What should they do? (Choose the best answer),"Regular Product Backlog Refinement sessions allow the Scrum Team to clarify requirements, ensuring that the work is ready for future Sprints and aligned with the Product Goal. <i>Product Backlog refinement is the act of adding detail, estimates, and order to items in the Product Backlog.</i> (Scrum Guide 2020)",S,PSM-I,ScrumArtifacts,Ask the Product Owner to clarify requirements during Sprint Planning only.,"Incorrect: Requirements clarification should occur regularly, not just during Sprint Planning.",Engage in regular Product Backlog Refinement sessions to clarify requirements with the Product Owner.,Correct: Regular refinement helps ensure requirements are clear and ready for the Sprint.,Wait until the Sprint Review to address unclear requirements.,Incorrect: Delaying clarification until the Sprint Review risks missing the Sprint Goal.,Ignore unclear requirements and focus on what is understood.,Incorrect: Ignoring unclear requirements can lead to incomplete or low-quality work.,,,,,2
Which artifacts are mandatory in Scrum? (Choose the best answer),"Scrum defines three artifacts: Product Backlog, Sprint Backlog, and Increment. These artifacts promote transparency and inspection. <i>Scrum Guide 2020</i>",S,PSM-I,ScrumArtifacts,"Product Backlog, Sprint Backlog, Increment",Correct: These are the three key artifacts in Scrum.,"Sprint Report, Burn-down Chart, Retrospective Report",Incorrect: These items are not defined artifacts in Scrum.,"Project Plan, Design Document, User Manual",Incorrect: These documents are not part of Scrum’s defined artifacts.,"Risk Register, Issue Log, Action Items List","Incorrect: These are traditional project management tools, not Scrum artifacts.",,,,,1
Which Scrum artifact provides an overview of all the work that the Developers have committed to completing in a Sprint? (Choose the best answer),"The Sprint Backlog includes the items selected for the Sprint and the plan to deliver them, representing the team’s commitment. <i>The Sprint Backlog is a plan by and for the Developers. It is a highly visible, real-time picture of the work that the Developers plan to accomplish during the Sprint.</i> (Scrum Guide 2020)",S,PSM-I,ScrumArtifacts,The Product Backlog,"Incorrect: The Product Backlog contains all work that needs to be done in the future, not specifically for the current Sprint.",The Sprint Backlog,Correct: The Sprint Backlog shows the work the team commits to during the Sprint.,The Increment,"Incorrect: The Increment is the result of the work done during the Sprint, not the planned work.",The Definition of Done,"Incorrect: The Definition of Done is a quality measure, not an artifact showing planned work.",,,,,2
Which three artifacts are critical to providing transparency in Scrum? (Choose the three best answers),"The Product Backlog, Sprint Backlog, and Increment are the three main artifacts that provide transparency in Scrum, helping the team and stakeholders understand the state of work. <i>The Scrum framework includes three artifacts: Product Backlog, Sprint Backlog, and Increment.</i> (Scrum Guide 2020)",M,PSM-I,ScrumArtifacts,Product Backlog,Correct: The Product Backlog provides transparency into future work for the product.,Sprint Backlog,Correct: The Sprint Backlog provides transparency into the work planned for the Sprint.,Burndown Chart,"Incorrect: The Burndown Chart is a tool, not a formal artifact in Scrum.",Increment,Correct: The Increment provides a transparent view of the work completed during the Sprint.,Definition of Done,Incorrect: The Definition of Done is a shared standard but not an artifact.,,,"1,2,3"
Which three practices can help a Scrum Team enhance their Sprint Planning sessions? (Choose the three best answers),"Reviewing the Definition of Done, setting a clear Sprint Goal, and breaking down large items help enhance Sprint Planning, ensuring a focused and achievable Sprint. <i>Sprint Planning defines what can be delivered in the Sprint and how that work will be achieved.</i> (Scrum Guide 2020)",M,PSM-I,Sprint Management,Skipping Sprint Planning if the team feels confident about their work.,Incorrect: Sprint Planning is essential to define what will be delivered and how it will be achieved.,Reviewing the Definition of Done to ensure all selected work meets the necessary standards.,Correct: Reviewing the Definition of Done helps ensure that the work planned meets agreed-upon quality standards.,Setting a clear and achievable Sprint Goal to guide the team’s efforts.,Correct: A clear Sprint Goal helps the team stay focused and aligned throughout the Sprint.,Assigning tasks to individual Developers to speed up the planning process.,Incorrect: Task assignment should be a collaborative effort among the Developers.,"Breaking down large items into smaller, manageable tasks to improve estimation and commitment.",Correct: Smaller tasks help the team estimate more accurately and commit to achievable work.,,,"1,3,5"
Which two practices can help a Scrum Team enhance their estimation accuracy over time? (Choose the two best answers),"Incorporating feedback from Retrospectives and conducting estimation workshops help Scrum Teams refine their estimation accuracy, improving planning and execution. <i>Estimation helps the Scrum Team forecast progress and manage expectations.</i> (Scrum Guide 2020)",M,PSM-I,Sprint Management,Using historical velocity data as the only guide for future estimations.,Incorrect: Velocity is useful but should not be the sole factor; other aspects like task complexity and risk should also be considered.,Incorporating feedback from Retrospectives to refine estimation techniques and address past challenges.,Correct: Retrospective feedback helps the team continuously improve their estimation process.,Conducting frequent estimation workshops to practice different techniques and build consensus.,Correct: Regular practice with estimation techniques builds team confidence and accuracy.,Assigning estimation tasks to the most experienced team members to ensure precision.,Incorrect: Estimation should be a collaborative effort that benefits from diverse perspectives.,Skipping estimation for smaller tasks to save time during planning.,Incorrect: Consistent estimation practices help maintain accuracy and commitment levels across all tasks.,,,"2,3"
A Product Owner keeps adding new items to the Sprint Backlog during the Sprint. What is the best way for the Scrum Master to address this? (Choose the best answer),The Scrum Master should ensure that the Product Owner respects the boundaries of the Sprint and the commitment made to the Sprint Goal. <i>No changes are made that would endanger the Sprint Goal.</i> (Scrum Guide 2020),S,PSM-I,Sprint Management,Allow the changes as long as the Developers agree.,Incorrect: Changes should not disrupt the focus on the Sprint Goal.,Remind the Product Owner that changes are not allowed once the Sprint has started.,Correct: The Scrum Master should ensure the Sprint Goal is protected.,Adjust the Sprint Backlog to fit the new items.,Incorrect: The Sprint Backlog should not be changed once the Sprint begins without proper negotiation.,End the Sprint early and start a new one with the adjusted scope.,Incorrect: Ending Sprints early disrupts the flow and cadence of Scrum.,,,,,2
A Scrum Team is often unable to complete all the work in the Sprint Backlog. What is the best action for the Scrum Master? (Choose the best answer),"The Scrum Master should facilitate discussions during Sprint Planning and Retrospectives to help the team refine their estimation and planning practices, enabling them to meet Sprint commitments. <i>Estimation helps the Scrum Team forecast progress and manage expectations.</i> (Scrum Guide 2020)",S,PSM-I,Sprint Management,Extend the Sprint length to accommodate the work left unfinished.,Incorrect: Extending the Sprint disrupts the regular Scrum cadence and is not permitted.,Facilitate discussions during Sprint Planning and Retrospectives to help the team refine their estimation and planning practices.,Correct: Improved estimation and planning help the team make realistic commitments and consistently meet their Sprint Goals.,Assign fewer tasks to the team at the start of the Sprint to ensure completion.,"Incorrect: Task assignment should be based on realistic planning and team capacity, not arbitrary reductions.",Ask the Product Owner to reprioritize items to focus on easier tasks.,"Incorrect: Prioritization should be based on value, not task difficulty, and must align with the Sprint Goal.",,,,,2
"During a Sprint, the Developers notice that some tasks are taking longer than expected, which may impact the Sprint Goal. What should the Scrum Master do? (Choose the best answer)","The Scrum Master should facilitate discussions to help the team adjust their plan and remain focused on the Sprint Goal, promoting effective problem-solving. <i>Inspection and adaptation are core principles of Scrum.</i> (Scrum Guide 2020)",S,PSM-I,Sprint Management,Ask the team to work overtime to meet the Sprint Goal.,Incorrect: Working overtime is not sustainable and goes against the principle of maintaining a sustainable pace.,Facilitate a discussion to identify the root causes and adjust the plan if necessary while keeping focus on the Sprint Goal.,Correct: The Scrum Master supports the team in finding ways to stay on track without compromising quality or sustainability.,Ignore the delays and let the team manage the tasks as they see fit.,"Incorrect: The Scrum Master should help the team address issues proactively, not ignore them.",Move unfinished tasks to the next Sprint to keep the current Sprint on track.,Incorrect: Moving tasks to the next Sprint without addressing the issues undermines the planning process.,,,,,2
What is the best approach for a Scrum Team to handle a sudden change in market conditions during a Sprint? (Choose the best answer),"The Scrum Team should capture changes in market conditions in the Product Backlog, ensuring they are prioritized and addressed in future Sprints. <i>Scrum Teams only commit to work selected during Sprint Planning.</i> (Scrum Guide 2020)",S,PSM-I,Sprint Management,"Immediately pivot the Sprint Goal to address the change, even if it disrupts the planned work.",Incorrect: The Sprint Goal should remain stable; changes should be managed through the Product Backlog.,Facilitate a discussion to capture the change in the Product Backlog for prioritization in future Sprints.,Correct: Changes in market conditions should be reflected in the Product Backlog and addressed in subsequent Sprints.,Ask the Developers to adjust their current work to reflect the change immediately.,Incorrect: Mid-Sprint changes disrupt focus and alignment with the Sprint Goal.,Ignore the change until the next Sprint Planning session to maintain current commitments.,Incorrect: Ignoring changes can result in missed opportunities to adapt and align future work.,,,,,2
"During the Daily Scrum, a Developer mentions that they are blocked due to unclear requirements. What is the best action for the Scrum Master? (Choose the best answer)","The Scrum Master should facilitate a quick discussion with the Product Owner to resolve unclear requirements, helping the team stay on track toward the Sprint Goal. <i>The Scrum Master helps the Scrum Team remove impediments to the team’s progress.</i> (Scrum Guide 2020)",S,PSM-I,Sprint Management,Ask the Developer to proceed with their best guess to avoid delays.,Incorrect: Proceeding without clarity increases the risk of errors and misalignment with the Product Goal.,Facilitate a quick discussion with the Product Owner to clarify the requirements and unblock the team.,Correct: The Scrum Master ensures effective communication between the team and the Product Owner to resolve issues promptly.,Move the unclear task to the next Sprint and focus on other work.,Incorrect: Postponing tasks disrupts the current Sprint’s flow and may impact the Sprint Goal.,Assign a team member to investigate and provide the required information later.,"Incorrect: The Scrum Team should work together to resolve impediments, not rely on individual efforts.",,,,,2
A stakeholder requests a change to a high-priority feature during the Sprint. What should the Scrum Master do? (Choose the best answer),The Scrum Master should advise stakeholders that changes need to be managed through the Sprint Planning process to protect the focus and integrity of the current Sprint. <i>Changes are not allowed during the Sprint that would endanger the Sprint Goal.</i> (Scrum Guide 2020),S,PSM-I,Sprint Management,Allow the change if the Developers agree to it.,Incorrect: Allowing changes mid-Sprint disrupts focus and jeopardizes the Sprint Goal.,Advise the stakeholder that changes should be discussed and negotiated in the next Sprint Planning session.,"Correct: Changes should be managed through proper channels, primarily during Sprint Planning.",Add the change to the Sprint Backlog immediately.,Incorrect: Adding changes mid-Sprint compromises the integrity of the agreed plan.,Pause the Sprint until the change is implemented.,Incorrect: Pausing the Sprint is not an option; it disrupts cadence and flow.,,,,,2
True or False: A Burnup Chart helps the team track progress by showing both completed work and changes in scope. (Choose the best answer),"The Burnup Chart helps the team track progress by showing completed work against the planned total, including any changes in scope. <i>Burnup Charts are useful for showing progress toward a goal line and reflecting changes in scope.</i> (Scrum Guide 2020)",TF,PSM-I,Tools and Techniques,,Correct: A Burnup Chart shows work completed against the total planned work and reflects changes in scope.,,Incorrect: The Burnup Chart is specifically designed to show progress and scope changes over time.,,,,,,,,,true
A Scrum Team is not reaching their velocity targets due to frequent context switching between tasks. What is the best course of action for the Scrum Master? (Choose the best answer),"The Scrum Master should facilitate discussions on limiting WIP to reduce context switching, helping the team focus and improve efficiency. <i>Limiting WIP helps a team deliver more valuable work by reducing delays and distractions.</i> (Scrum Guide 2020)",S,PSM-I,Tools and Techniques,Set stricter deadlines for task completion to encourage faster work.,Incorrect: Stricter deadlines can increase stress and reduce quality without addressing the underlying issue.,Facilitate a discussion on limiting Work In Progress (WIP) to help the team focus and reduce context switching.,Correct: Limiting WIP helps the team maintain focus and improves overall efficiency by reducing multitasking.,Encourage the team to work extra hours to compensate for lost time.,Incorrect: Working extra hours is unsustainable and can lead to burnout.,Assign a team member to manage task assignments and minimize switching.,"Incorrect: Task management should be a collaborative effort, not the responsibility of one individual.",,,,,2
What is the best approach to handle a recurring impediment that has not been resolved across several Sprints? (Choose the best answer),"Facilitating a dedicated session helps the Scrum Team collaboratively address persistent impediments, enhancing their problem-solving capabilities. <i>The Scrum Master is responsible for removing impediments to the team’s progress.</i> (Scrum Guide 2020)",S,PSM-I,Tools and Techniques,Continue to raise the issue in Daily Scrums until it is resolved.,Incorrect: Repeating the issue without action won’t lead to resolution.,Facilitate a dedicated problem-solving session with the team to address the impediment.,Correct: A focused session allows the team to collaboratively find a solution to persistent issues.,Report the impediment to senior management for resolution.,Incorrect: The Scrum Team should address most impediments internally unless escalations are necessary.,Assign a team member to handle the impediment separately.,Incorrect: Impediments should be addressed collectively as they impact the entire team.,,,,,2
Which tools can a Scrum Team use to forecast progress toward the Sprint Goal? (Choose the best answer),"Burndown Charts, Burnup Charts, and Cumulative Flow Diagrams are common tools in Scrum to visualize and forecast progress, helping teams inspect and adapt. <i>Various practices exist to forecast progress, like burn-downs, burn-ups, or cumulative flows.</i> (Scrum Guide 2020)",S,PSM-I,Tools and Techniques,Product Backlog Refinement sessions,"Incorrect: Refinement is for clarifying future work, not forecasting progress.","Burndown Charts, Burnup Charts, and Cumulative Flow Diagrams",Correct: These tools help visualize progress and forecast completion of work.,The Definition of Done,Incorrect: The Definition of Done ensures quality but does not forecast progress.,Sprint Retrospective,"Incorrect: The Retrospective is for reflection and improvement, not forecasting.",,,,,2
Which three approaches can help the Scrum Team effectively manage their workload and avoid burnout? (Choose the three best answers),"Limiting WIP, assessing capacity during Sprint Planning, and using Retrospectives to discuss workload challenges are effective ways to manage workload and prevent burnout. <i>Maintaining a sustainable pace helps ensure long-term productivity and team health.</i> (Scrum Guide 2020)",M,PSM-I,Tools and Techniques,Encouraging Developers to work overtime to meet deadlines.,Incorrect: Overtime is not a sustainable practice and leads to burnout.,Limiting Work In Progress (WIP) to maintain focus and quality.,"Correct: Limiting WIP helps manage the team’s workload effectively, ensuring sustainable productivity.",Regularly assessing team capacity during Sprint Planning to set realistic commitments.,Correct: Assessing capacity ensures that the team does not overcommit and can maintain a sustainable pace.,Using the Sprint Retrospective to discuss workload challenges and adjust processes as needed.,Correct: Retrospectives provide a platform for addressing workload issues and making improvements.,Adding more team members when workload increases unexpectedly.,Incorrect: Adding members mid-Sprint disrupts team dynamics and does not address root workload management issues.,,,"1,3,5"
Which three practices can help maintain a sustainable pace for the Scrum Team? (Choose the three best answers),"Maintaining a sustainable pace involves managing workload through limiting WIP, adjusting commitments, and using the Sprint Retrospective to address process issues. <i>Maintaining a sustainable pace helps ensure the team remains productive and healthy over time.</i> (Scrum Guide 2020)",M,PSM-I,Tools and Techniques,Limiting work in progress to avoid burnout.,Correct: Limiting WIP helps the team maintain a sustainable pace and manage workload effectively.,Encouraging overtime during critical periods.,Incorrect: Overtime is not a sustainable practice and should be avoided to maintain team health.,Regularly reviewing and adjusting team commitments based on capacity.,Correct: Adjusting commitments helps the team plan realistically and avoid overloading.,Using the Sprint Retrospective to identify and address workload issues.,Correct: The Retrospective is an opportunity to inspect and adapt the team’s process to maintain a sustainable pace.,Setting fixed daily working hours for all team members.,Incorrect: Flexibility is important; rigid working hours do not necessarily lead to a sustainable pace.,,,"1,3,5"
Which three techniques can help a Scrum Team improve their ability to forecast progress? (Choose the three best answers),"Burndown Charts, regular inspection of the Sprint Backlog, and effective use of Daily Scrums are crucial techniques for improving the team’s forecasting ability. <i>Inspection and adaptation are core principles that help the team stay aligned with their goals.</i> (Scrum Guide 2020)",M,PSM-I,Tools and Techniques,Using a Burndown Chart to track remaining work during the Sprint.,"Correct: Burndown Charts provide a visual representation of work progress, helping the team adjust as needed.",Relying solely on historical velocity without adjusting for current Sprint conditions.,"Incorrect: Forecasting should account for current context, not just past performance.",Conducting frequent inspection of the Sprint Backlog to adjust the plan as needed.,Correct: Regular inspection helps the team remain responsive to challenges and maintain realistic forecasts.,Skipping Sprint Reviews to save time for development work.,Incorrect: Sprint Reviews provide essential feedback that informs future forecasts.,Using Daily Scrums to track progress and make necessary adjustments.,Correct: Daily Scrums help the team inspect progress and adapt their plans to stay on track.,,,"1,3,5"
Which two approaches can help the Scrum Team address recurring impediments that are slowing down their progress? (Choose the two best answers),Using Retrospectives to identify root causes and tracking impediments visibly help the team address recurring challenges collaboratively and proactively. <i>Transparency in impediment handling helps the team stay focused on delivering value.</i> (Scrum Guide 2020),M,PSM-I,Tools and Techniques,Assign specific team members to handle all impediments separately from the rest of the team.,"Incorrect: Impediments should be addressed collectively, fostering team ownership and collaboration.",Use the Sprint Retrospective to identify root causes and plan concrete actions to prevent recurrence.,Correct: Retrospectives provide a structured opportunity to reflect on recurring issues and develop solutions.,Escalate recurring impediments to management to ensure quick resolutions.,"Incorrect: The team should first seek to resolve impediments themselves, leveraging internal problem-solving capabilities.",Track impediments visibly on an Impediment Board to keep them in focus until resolved.,Correct: Making impediments visible helps the team prioritize and address them effectively.,Only discuss impediments if they directly affect the current Sprint Goal.,"Incorrect: All impediments, regardless of their immediate impact, should be considered to maintain team efficiency.",,,"2,4"
Which two strategies can help the Product Owner maximize the value of the work delivered by the Scrum Team? (Choose the two best answers),Continuous prioritization of the Product Backlog and regular engagement with stakeholders help the Product Owner ensure that the Scrum Team delivers maximum value. <i>The Product Owner is accountable for maximizing the value of the product resulting from the work of the Scrum Team.</i> (Scrum Guide 2020),M,PSM-I,Roles and Responsibilities,Constantly reprioritizing the Product Backlog based on the latest feedback and market changes.,Correct: Continuous prioritization ensures that the most valuable work is always at the forefront of the team’s efforts.,Directing the Developers on how to implement specific features during Sprints.,"Incorrect: The Product Owner focuses on what is needed, not on dictating how work is implemented.",Engaging stakeholders regularly to gather input and refine the Product Backlog.,Correct: Regular stakeholder engagement ensures the backlog reflects real needs and maximizes value.,Assigning tasks directly to team members to ensure efficient execution.,Incorrect: The Developers self-organize to decide how best to accomplish their work.,Approving every increment before it is considered done.,"Incorrect: Approval of increments should be based on meeting the Definition of Done, not individual approvals.",,,"1,3"
Who is accountable for defining and maintaining the Definition of Done? (Choose the best answer),"The entire Scrum Team is responsible for defining and maintaining the Definition of Done, ensuring that every Increment meets the required quality standards. <i>The Definition of Done is a shared understanding of what it means for work to be complete, ensuring everyone knows what is required for any Increment to be released.</i> (Scrum Guide 2020)",S,PSM-I,Concepts,The Product Owner,"Incorrect: The Definition of Done is agreed upon by the entire Scrum Team, not just the Product Owner.",The Scrum Team,Correct: The entire Scrum Team collaborates to define and uphold the Definition of Done to ensure quality and consistency.,The Scrum Master,Incorrect: The Scrum Master facilitates the process but does not define the Definition of Done.,The Developers only,"Incorrect: While Developers use the Definition of Done, it is agreed upon by the whole Scrum Team.",,,,,2
