title,feedback,answerType,type,domain,answer1,explanation1,answer2,explanation2,answer3,explanation3,answer4,explanation4,answer5,explanation5,answer6,explanation6,correctAnswer
True or False: The Scrum Master is responsible for creating the Definition of Done for the team. (Choose the best answer),"The Scrum Team is collectively responsible for creating the Definition of Done, with the Scrum Master facilitating the process. <i>The Definition of Done creates transparency by providing everyone a shared understanding of what work was completed.</i> (Scrum Guide 2020)",TF,PSM-I,Concepts,,"Incorrect: The Definition of Done is created collaboratively by the Scrum Team, not solely by the Scrum Master.",,"Correct: The Scrum Team collectively defines the Definition of Done, with the Scrum Master facilitating the process.",,,,,,,,,false
True or False: The Definition of Done is used to establish the minimum quality standard that each Increment must meet before it is considered complete. (Choose the best answer),"The Definition of Done sets the minimum quality standards for each Increment, ensuring that all completed work meets the agreed criteria. <i>The Definition of Done creates transparency by providing everyone a shared understanding of what work was completed.</i> (Scrum Guide 2020)",TF,PSM-I,Concepts,,Correct: The Definition of Done ensures that each Increment meets the agreed-upon quality standards and is usable.,,Incorrect: The Definition of Done defines the criteria that each Increment must meet to be considered complete.,,,,,,,,,true
Which three pillars of Scrum help ensure continuous improvement within the team? (Choose the three best answers),"The three pillars of Scrum—Transparency, Inspection, and Adaptation—are essential to ensuring continuous improvement, allowing the team to inspect and adapt their work processes regularly. <i>These pillars are critical to Scrum’s success.</i> (Scrum Guide 2020)",M,PSM-I,Concepts,Transparency,"Correct: Transparency ensures that every aspect of the process is visible to those responsible, enabling informed decisions.",Commitment,"Incorrect: Commitment is a value, not a pillar, and does not directly ensure continuous improvement.",Inspection,"Correct: Inspection allows the team to regularly check their work and processes, identifying areas for improvement.",Adaptation,Correct: Adaptation enables the team to make adjustments to their process based on what they learn from inspections.,Respect,"Incorrect: Respect is a value, not a pillar, though it supports a healthy team environment.",,,"1,3,4"
How should the Scrum Master handle a situation where the Developers frequently miss deadlines? (Choose the best answer),The Scrum Master should facilitate the Sprint Retrospective to help the team identify why they are missing deadlines and collaboratively create a plan to improve. <i>The Sprint Retrospective is an opportunity for the Scrum Team to inspect itself and create a plan for improvements to be enacted during the next Sprint.</i> (Scrum Guide 2020),S,PSM-I,Scrum Events,Extend the deadlines to give the team more time.,Incorrect: Extending deadlines undermines the time-boxing principles of Scrum.,Facilitate a Retrospective to help the team identify root causes and create an improvement plan.,Correct: The Retrospective is an opportunity for the team to reflect on missed deadlines and make plans to improve future performance.,Report the issue to management for intervention.,"Incorrect: The Scrum Master should help the team improve their process internally, not escalate to management.",Assign new tasks to different team members to ensure they are completed on time.,Incorrect: The Developers are self-managing and should decide how to organize their own work.,,,,,2
"During a Sprint, the Product Owner requests changes to the Sprint Backlog that could impact the Sprint Goal. How should the Scrum Team respond? (Choose the best answer)","The Scrum Team should evaluate the impact of the requested changes on the Sprint Goal, making collaborative decisions to maintain focus and alignment with the Sprint objectives. <i>The Sprint Goal is the single objective for the Sprint, providing guidance to the Developers on why they are building the Increment.</i> (Scrum Guide 2020)",S,PSM-I,Scrum Events,Implement the changes immediately to accommodate the Product Owner’s request.,Incorrect: Changes that impact the Sprint Goal should be carefully evaluated and not made impulsively.,Discuss the requested changes with the Scrum Team to assess their impact on the Sprint Goal.,Correct: The team should evaluate the impact of the changes collaboratively before making any decisions.,Ignore the request and focus on the current Sprint Backlog.,Incorrect: The team should consider feedback but ensure changes do not compromise the Sprint Goal.,Extend the Sprint duration to accommodate the changes.,Incorrect: Sprints are time-boxed and should not be extended.,,,,,2
A Developer suggests using a new tool that could improve the team's workflow. What is the best approach for the Scrum Team? (Choose the best answer),"The Sprint Retrospective is the right place to discuss potential workflow improvements, allowing the team to collectively decide on adopting new tools or processes. <i>The Sprint Retrospective concludes the Sprint. It is an opportunity for the Scrum Team to inspect itself and create a plan for improvements to be enacted during the next Sprint.</i> (Scrum Guide 2020)",S,PSM-I,Scrum Events,Implement the tool immediately to take advantage of its benefits.,Incorrect: Any changes to the workflow should be discussed and agreed upon by the team.,Discuss the tool in the next Sprint Retrospective to decide if it should be adopted.,Correct: The Retrospective is the best time to discuss potential improvements and decide on changes to the team's workflow.,Ask the Scrum Master to decide if the tool should be used.,"Incorrect: The decision should be made collaboratively by the team, not dictated by the Scrum Master.",Ignore the suggestion to avoid disrupting the current process.,Incorrect: Improvements should be considered to enhance team effectiveness.,,,,,2
Which three strategies can help a Scrum Team maintain a sustainable pace? (Choose the three best answers),"Maintaining a sustainable pace involves setting realistic Sprint Goals, inspecting and adapting through Retrospectives, and prioritizing high-value work, ensuring the team can continue delivering effectively. <i>The Scrum framework is grounded in empiricism and lean thinking, emphasizing continuous improvement.</i> (Scrum Guide 2020)",M,PSM-I,Concepts,Setting realistic Sprint Goals that reflect the team’s capacity.,Correct: Realistic Sprint Goals help the team maintain a sustainable pace and avoid overcommitment.,Extending work hours during busy periods.,Incorrect: Overworking can lead to burnout and does not align with maintaining a sustainable pace.,Inspecting and adapting during Retrospectives to improve workflow.,Correct: Retrospectives help the team continuously improve their process and pace.,Prioritizing high-value work to focus on what matters most.,Correct: Focusing on high-value items ensures the team delivers meaningful work without unnecessary strain.,Skipping Daily Scrums to save time.,Incorrect: Daily Scrums are essential for team alignment and should not be skipped.,,,"1,3,4"
How should the Scrum Master handle repeated conflicts between Developers during the Daily Scrum? (Choose the best answer),"The Scrum Master should facilitate a separate discussion to address conflicts among Developers, ensuring that the Daily Scrum remains focused and productive. <i>The Scrum Master serves the Scrum Team in several ways, including facilitating Scrum events as requested or needed.</i> (Scrum Guide 2020)",S,PSM-I,Roles and Responsibilities,Allow the conflicts to continue to see if the team resolves them independently.,Incorrect: The Scrum Master should intervene to facilitate conflict resolution when it disrupts team dynamics.,Facilitate a separate discussion outside of the Daily Scrum to address the conflicts.,Correct: The Scrum Master should facilitate discussions outside of the Daily Scrum to resolve conflicts without disrupting the event.,Report the conflicts to management for resolution.,"Incorrect: Conflicts should be managed within the team, with the Scrum Master’s facilitation, not escalated externally.",Assign roles to team members to prevent further conflicts.,"Incorrect: The team should self-organize, and roles should not be imposed by the Scrum Master.",,,,,2
"The Product Owner is often unavailable during important Scrum events, causing delays in decision-making. What should the Scrum Master do? (Choose the best answer)","The Scrum Master should coach the Product Owner on their role and the importance of being available for key Scrum events, ensuring effective collaboration and decision-making. <i>The Scrum Master helps the Scrum Team understand the need for clear and concise Product Backlog items.</i> (Scrum Guide 2020)",S,PSM-I,Roles and Responsibilities,Take over the Product Owner’s responsibilities during their absence.,Incorrect: The Scrum Master does not take over other roles but supports them in fulfilling their responsibilities.,Coach the Product Owner on the importance of attending Scrum events and engaging with the team.,Correct: The Scrum Master should coach the Product Owner to ensure they understand their role in Scrum events and decision-making.,Allow the team to proceed without the Product Owner’s input.,Incorrect: The Product Owner’s input is essential for guiding the work and making informed decisions.,Adjust the event schedule to accommodate the Product Owner’s availability.,"Incorrect: Events should be consistent and predictable, not adjusted ad hoc to fit individual schedules.",,,,,2
Which two strategies can help a Scrum Team maintain focus during the Daily Scrum? (Choose the two best answers),Encouraging concise updates and using a rotating facilitator help the Scrum Team maintain focus and engagement during the Daily Scrum. <i>The Daily Scrum is a 15-minute event for the Developers of the Scrum Team.</i> (Scrum Guide 2020),M,PSM-I,Scrum Events,Allowing each team member unlimited time to share their updates.,Incorrect: The Daily Scrum should be time-boxed to 15 minutes to maintain focus and efficiency.,"Encouraging concise updates focused on progress toward the Sprint Goal, impediments, and plans for the next 24 hours.",Correct: Keeping updates concise helps the team stay focused on the key aspects of the Daily Scrum.,Using a rotating facilitator to keep the team engaged and on track during the meeting.,Correct: A rotating facilitator can bring variety and maintain engagement while keeping the meeting structured.,Skipping the Daily Scrum on days when there are no critical updates.,Incorrect: The Daily Scrum should be held consistently to maintain alignment and communication.,Focusing discussions solely on individual performance rather than team progress.,"Incorrect: The Daily Scrum should focus on team progress and how to achieve the Sprint Goal, not individual performance.",,,"2,3"
The Scrum Master notices that the team’s velocity has decreased over the last few Sprints. What should they do? (Choose the best answer),"The Scrum Master should facilitate a Retrospective to help the team identify the causes of decreased velocity and plan improvements, fostering continuous growth and adaptation. <i>The Scrum Team continuously improves, adjusting its practices based on inspection and adaptation.</i> (Scrum Guide 2020)",S,PSM-I,Scrum Events,Ignore the decrease as long as the Sprint Goals are being met.,Incorrect: A decreasing velocity can indicate deeper issues that should be inspected and addressed.,Facilitate a Retrospective focused on identifying the causes of decreased velocity and potential improvements.,Correct: The Retrospective is the right event to inspect performance and adapt the team’s practices.,Ask the Product Owner to add fewer items to the Sprint Backlog.,Incorrect: The Developers and Scrum Team collaboratively decide on the Sprint Backlog based on capacity.,Report the issue to stakeholders and request additional resources.,"Incorrect: Velocity concerns should be managed within the Scrum Team, not escalated externally.",,,,,2
How can the Scrum Team ensure that the Definition of Done is consistently met? (Choose the best answer),"The Scrum Team should regularly inspect and adapt the Definition of Done during Retrospectives, ensuring it aligns with the team's capabilities and maintains the required quality standards. <i>The Definition of Done creates transparency by providing everyone a shared understanding of what work was completed as part of the Increment.</i> (Scrum Guide 2020)",S,PSM-I,Concepts,Lower the Definition of Done when work is too challenging to meet it.,Incorrect: Lowering the standards compromises the quality of the Increment and does not align with Scrum values.,Regularly review and update the Definition of Done during Retrospectives to align with team capabilities.,"Correct: The Retrospective is a key opportunity to inspect and adapt the Definition of Done, ensuring it remains relevant and achievable.",Only apply the Definition of Done to items that are easy to complete.,"Incorrect: The Definition of Done must be consistently applied to all work, regardless of difficulty.",Allow the Product Owner to decide when the Definition of Done applies.,Incorrect: The Definition of Done is agreed upon by the entire Scrum Team and should be consistently applied.,,,,,2
Which Scrum value is demonstrated when a team member volunteers to help a colleague complete their tasks? (Choose the best answer),,S,PSM-I,,Respect,Incorrect: Respect involves valuing each other's contributions but is not specifically about helping with tasks.,Commitment,Incorrect: Commitment involves dedication to the team’s goals but does not directly address helping others.,Courage,"Incorrect: Courage is about taking risks and facing challenges, not specifically about collaboration.",Focus,Incorrect: Focus relates to concentrating on the Sprint Goal but not specifically about teamwork.,Openness,Correct: Openness is demonstrated when team members share work and help each other to achieve the team’s goals.,,,5
The Scrum Team has identified that their Sprint Review sessions often lack stakeholder engagement. What can they do to improve this? (Choose the best answer),"Facilitating more interactive Sprint Reviews can improve stakeholder engagement, encouraging active participation and valuable feedback that guides future work. <i>The Sprint Review is a working session, and the Scrum Team should avoid limiting it to a presentation.</i> (Scrum Guide 2020)",S,PSM-I,Scrum Events,Skip the Sprint Review if stakeholders are not engaged.,"Incorrect: The Sprint Review is a critical event for inspection and adaptation, and should not be skipped.",Facilitate more interactive Sprint Reviews to encourage stakeholder participation and feedback.,Correct: Making the Sprint Review more engaging can encourage stakeholders to actively participate and provide valuable feedback.,Invite stakeholders only when major changes are being presented.,Incorrect: Stakeholders should be involved regularly to stay informed and engaged with the product’s progress.,Provide detailed reports instead of holding a Sprint Review.,Incorrect: Direct engagement during the Sprint Review is more effective than reports for gaining feedback and adapting.,,,,,2
"During the Sprint Planning, the Product Owner is unable to attend. What should the Scrum Team do? (Choose the best answer)",The Sprint Planning should involve the Product Owner to set the Sprint Goal and prioritize work; rescheduling ensures their essential input is included. <i>The Product Owner ensures that attendees are prepared to discuss the most important Product Backlog items and how they map to the Product Goal.</i> (Scrum Guide 2020),S,PSM-I,Scrum Events,Proceed with the planning without the Product Owner.,Incorrect: The Product Owner’s presence is crucial for prioritization and setting the Sprint Goal.,Reschedule the Sprint Planning to ensure the Product Owner can participate.,Correct: Rescheduling ensures that the Product Owner can provide necessary input on the Sprint Goal and selected items.,Continue planning and ask the Scrum Master to represent the Product Owner’s interests.,Incorrect: The Scrum Master facilitates but does not represent the Product Owner’s decision-making responsibilities.,Replace the Product Owner with a stakeholder for this meeting.,Incorrect: The Product Owner’s unique role cannot be substituted by a stakeholder.,,,,,2
A Developer repeatedly works on tasks outside of the Sprint Backlog. What should the Scrum Master do? (Choose the best answer),"The Scrum Master should facilitate a discussion to reinforce the importance of adhering to the Sprint Backlog, ensuring the team remains focused on the Sprint Goal. <i>The Sprint Backlog is a highly visible, real-time picture of the work that the Developers plan to accomplish during the Sprint.</i> (Scrum Guide 2020)",S,PSM-I,Scrum Events,Ask the Developer to complete their current task and refocus on the Sprint Backlog items.,"Incorrect: While this addresses the immediate issue, it does not prevent recurrence or address the root cause.",Facilitate a discussion with the team to reinforce the importance of adhering to the Sprint Backlog.,Correct: A team discussion will help align the Developers on the importance of sticking to the agreed plan to achieve the Sprint Goal.,Ignore the issue if the additional work seems beneficial.,Incorrect: Any work outside the Sprint Backlog distracts from the Sprint Goal and should not be ignored.,Assign additional tasks from the Sprint Backlog to the Developer to keep them busy.,Incorrect: Assigning tasks does not address the issue of deviating from planned work.,,,,,2
Which three actions can help a Scrum Team improve their Definition of Done? (Choose the three best answers),"Improving the Definition of Done involves regular reviews during Retrospectives, incorporating stakeholder feedback, and ensuring team collaboration, which helps maintain high-quality Increments. <i>The Definition of Done creates transparency by providing everyone a shared understanding of what work was completed as part of the Increment.</i> (Scrum Guide 2020)",M,PSM-I,Concepts,Review the Definition of Done regularly during Sprint Retrospectives.,Correct: Regular reviews during Retrospectives help ensure the Definition of Done remains relevant and achievable.,Allow the Product Owner to define the Definition of Done independently.,Incorrect: The Definition of Done should be a shared agreement among the entire Scrum Team.,Incorporate feedback from stakeholders on quality expectations.,Correct: Stakeholder feedback ensures the Definition of Done aligns with external quality standards and expectations.,Simplify the Definition of Done to speed up the completion of tasks.,Incorrect: Simplifying may compromise the quality of the work delivered.,Collaborate with the entire Scrum Team to agree on updates to the Definition of Done.,Correct: Collaborative updates ensure that all team members are aligned with the standards of completeness.,,,"1,3,5"
How should a Scrum Team handle a situation where they consistently overestimate their capacity during Sprint Planning? (Choose the best answer),"The Retrospective allows the Scrum Team to inspect their estimation and capacity planning, enabling them to make necessary adjustments to improve future Sprints. <i>The Sprint Retrospective is an opportunity for the Scrum Team to inspect itself and create a plan for improvements to be enacted during the next Sprint.</i> (Scrum Guide 2020)",S,PSM-I,Scrum Events,Increase their work hours to complete the additional tasks.,Incorrect: Overworking is not sustainable and does not address the underlying estimation issues.,Use the Retrospective to inspect and adjust their estimation techniques and capacity planning.,Correct: The Retrospective is the appropriate place for the team to reflect on and improve their estimation practices.,Reduce the Sprint Goal to match what they are able to complete.,Incorrect: The Sprint Goal should be realistic from the start and not adjusted mid-Sprint.,Ask the Scrum Master to manage the team’s workload during the Sprint.,Incorrect: The Developers are responsible for managing their own workload and planning.,,,,,2
Which Scrum artifact provides visibility into the progress toward the Product Goal? (Choose the best answer),"The Product Backlog provides visibility into the progress toward the Product Goal by containing all items needed for the product's evolution, ordered by priority. <i>The Product Backlog is an emergent, ordered list of what is needed to improve the product.</i> (Scrum Guide 2020)",S,PSM-I,ScrumArtifacts,The Sprint Backlog,"Incorrect: The Sprint Backlog provides visibility into the current Sprint, not the overall Product Goal.",The Product Backlog,"Correct: The Product Backlog includes all items necessary to achieve the Product Goal, providing visibility into overall progress.",The Increment,Incorrect: The Increment shows completed work but does not provide a full view of progress toward the Product Goal.,The Definition of Done,Incorrect: The Definition of Done sets quality standards but does not track progress toward the Product Goal.,,,,,2
How can the Scrum Master support the Developers in maintaining high quality in their work? (Choose the best answer),"The Scrum Master facilitates adherence to the Definition of Done and encourages continuous improvement, helping the Developers maintain high quality in their work. <i>The Scrum Master serves the Developers by coaching them in self-management and cross-functionality.</i> (Scrum Guide 2020)",S,PSM-I,Roles and Responsibilities,Inspect the work completed and provide feedback regularly.,Incorrect: The Scrum Master facilitates but does not inspect or judge the quality of the Developers’ work.,Facilitate the team’s adherence to the Definition of Done and encourage continuous improvement.,Correct: The Scrum Master supports quality by helping the team adhere to the Definition of Done and fostering an environment of continuous improvement.,Assign tasks based on the team members’ strengths to ensure high-quality outcomes.,Incorrect: The Developers are self-managing and should decide how to organize their work.,Take over quality control to ensure standards are met.,"Incorrect: The Developers are responsible for meeting quality standards, not the Scrum Master.",,,,,2
Which two responsibilities belong to the Product Owner regarding the Product Backlog? (Choose the two best answers),"The Product Owner is responsible for ensuring the Product Backlog is visible, transparent, and ordered to maximize value, guiding the Scrum Team’s work. <i>The Product Owner is accountable for the Product Backlog, including its content, availability, and ordering.</i> (Scrum Guide 2020)",M,PSM-I,Roles and Responsibilities,Ensuring the Product Backlog is visible and transparent to all stakeholders.,Correct: The Product Owner makes sure that the Product Backlog is clear and accessible to all relevant parties.,Defining the technical specifications of Product Backlog items.,Incorrect: Technical specifications are typically defined collaboratively with the Developers.,Ordering the Product Backlog items to maximize value.,Correct: The Product Owner prioritizes the Product Backlog items to ensure the team works on the most valuable tasks first.,Setting deadlines for Product Backlog items.,Incorrect: The team collaborates on planning and setting expectations but does not set hard deadlines in the Product Backlog.,Delegating the management of the Product Backlog to the Developers.,"Incorrect: The Product Owner remains accountable for the Product Backlog, even with input from the Developers.",,,"1,3"
"During the Sprint Review, stakeholders suggest significant changes to the product. What should the Scrum Team do? (Choose the best answer)","The Scrum Team should use stakeholder feedback from the Sprint Review to update the Product Backlog, ensuring that future Sprints address the suggested changes. <i>The Sprint Review is a working session, and the Scrum Team should avoid limiting it to a presentation.</i> (Scrum Guide 2020)",S,PSM-I,Scrum Events,Implement the changes immediately to satisfy stakeholders.,"Incorrect: Changes should be evaluated and planned for future Sprints, not made on the spot during the Review.",Discuss the feedback and update the Product Backlog to reflect the suggested changes.,"Correct: Feedback from stakeholders should be used to update the Product Backlog, guiding future work.",Ignore the feedback if it conflicts with the current Sprint Goal.,Incorrect: All feedback is valuable and should be considered for future planning.,Ask the Scrum Master to negotiate with stakeholders to reduce the changes.,Incorrect: The Scrum Master facilitates the process but does not negotiate scope changes on behalf of the team.,,,,,2
How can the Scrum Master help a Scrum Team struggling with low engagement during the Daily Scrum? (Choose the best answer),"The Scrum Master can facilitate the Daily Scrum, ensuring it remains focused, interactive, and aligned with the Sprint Goal, boosting team engagement. <i>The Daily Scrum is a 15-minute event for the Developers of the Scrum Team to inspect progress toward the Sprint Goal.</i> (Scrum Guide 2020)",S,PSM-I,Scrum Events,Conduct one-on-one meetings instead of the Daily Scrum.,"Incorrect: The Daily Scrum is a team event, and one-on-one meetings would not foster team collaboration.","Facilitate the Daily Scrum to keep it focused, interactive, and aligned with the Sprint Goal.",Correct: The Scrum Master can help by facilitating the event to make it more engaging and purposeful for the team.,Remove the Daily Scrum if the team finds it unnecessary.,Incorrect: The Daily Scrum is essential for inspection and adaptation and should not be removed.,Allow team members to skip the Daily Scrum if they have nothing to report.,"Incorrect: The Daily Scrum is about team alignment, not just individual updates.",,,,,2
The Developers have identified that their Sprint Goals are often too ambitious. What should the Scrum Master do? (Choose the best answer),"The Scrum Master should facilitate discussions during Sprint Planning, helping the team to set realistic and achievable Sprint Goals, promoting confidence and success. <i>The Sprint Goal is the single objective for the Sprint, providing guidance to the Developers on why they are building the Increment.</i> (Scrum Guide 2020)",S,PSM-I,Scrum Events,Encourage the team to continue setting ambitious goals to drive performance.,Incorrect: Unrealistic goals can demotivate the team if consistently missed.,Facilitate discussions during Sprint Planning to set more realistic and achievable Sprint Goals.,Correct: Facilitating Sprint Planning helps the team set achievable goals that are aligned with their capacity and capabilities.,Ask the Product Owner to lower the expectations for the Sprint Goals.,"Incorrect: The Sprint Goals should be set collaboratively and reflect the team's capacity, not arbitrarily lowered.",Let the team decide on their goals without intervention to promote self-management.,Incorrect: The Scrum Master should support the team in setting achievable goals through facilitation and coaching.,,,,,2
The Developers notice that their work is being frequently interrupted by external requests during the Sprint. How should they address this issue? (Choose the best answer),"The Developers should use the Daily Scrum to discuss interruptions and adapt their plan, ensuring they stay aligned with the Sprint Goal. <i>The Daily Scrum is a 15-minute event for the Developers of the Scrum Team to inspect progress toward the Sprint Goal.</i> (Scrum Guide 2020)",S,PSM-I,Scrum Events,Ignore the external requests and focus solely on their current tasks.,Incorrect: Ignoring external requests without proper communication can lead to conflicts and misunderstandings.,Raise the issue during the Daily Scrum and discuss how to handle interruptions as a team.,Correct: The Daily Scrum is the right time to discuss challenges and adapt the team’s plan to handle interruptions.,Report the interruptions to the Product Owner and let them handle it.,"Incorrect: The team should manage interruptions collaboratively, not delegate them entirely to the Product Owner.",Extend the Sprint to accommodate the additional work caused by interruptions.,Incorrect: Sprints are time-boxed and should not be extended.,,,,,2
Which action can the Scrum Master take to help the Product Owner prioritize the Product Backlog more effectively? (Choose the best answer),"The Scrum Master can facilitate stakeholder workshops to help the Product Owner gather feedback and align priorities, ensuring the Product Backlog is well-ordered to maximize value. <i>The Scrum Master serves the Product Owner in several ways, including finding techniques for effective Product Backlog management.</i> (Scrum Guide 2020)",S,PSM-I,Roles and Responsibilities,Take over the prioritization of the Product Backlog to speed up the process.,Incorrect: The Scrum Master facilitates but does not take over the Product Owner’s responsibilities.,Facilitate stakeholder workshops to gather feedback and clarify priorities.,Correct: Facilitating workshops helps the Product Owner align the Product Backlog with stakeholder needs and priorities.,Ignore prioritization issues unless they directly impact the Sprint Goal.,Incorrect: Prioritization is critical for guiding the team’s work and should not be ignored.,Ask the Developers to help the Product Owner prioritize items.,"Incorrect: While Developers provide input, prioritization remains the Product Owner’s responsibility.",,,,,2
A Scrum Team consistently fails to complete all items in the Sprint Backlog. What should the Scrum Master do? (Choose the best answer),The Scrum Master should facilitate a Retrospective to help the team understand why items are not being completed and to identify actions that can improve their future performance. <i>The Sprint Retrospective is an opportunity for the Scrum Team to inspect itself and create a plan for improvements to be enacted during the next Sprint.</i> (Scrum Guide 2020),S,PSM-I,Scrum Events,Extend the Sprint length to give the team more time to complete their work.,Incorrect: Extending Sprints undermines the time-boxing principle of Scrum.,Facilitate a Retrospective to identify why items are not being completed and plan improvements.,Correct: The Retrospective allows the team to inspect their performance and make adjustments to improve in future Sprints.,Assign fewer items to the team in the next Sprint to reduce their workload.,Incorrect: The team should collaboratively decide how much work to take on based on their capacity.,Ignore the issue as long as the team delivers some value at the end of the Sprint.,Incorrect: Consistently failing to complete work suggests deeper issues that need to be addressed.,,,,,2
Which two roles are most involved in ensuring the Definition of Done is understood and applied? (Choose the two best answers),"The Developers are directly responsible for meeting the Definition of Done, with support from the Scrum Master to ensure quality standards are upheld. <i>The Definition of Done creates transparency by providing a shared understanding of what work was completed.</i> (Scrum Guide 2020)",M,PSM-I,Concepts,Product Owner and Developers,"Incorrect: The Product Owner is responsible for prioritizing work, but the Developers ensure the Definition of Done is met.",Scrum Master and Product Owner,"Incorrect: The Scrum Master facilitates understanding, but the Developers are responsible for applying the Definition of Done.",Developers and Scrum Master,"Correct: The Developers ensure that their work meets the Definition of Done, while the Scrum Master supports by facilitating understanding and adherence to quality standards.",Developers and Stakeholders,Incorrect: Stakeholders provide feedback but do not directly enforce the Definition of Done.,Scrum Master and Stakeholders,Incorrect: Stakeholders are involved in feedback but not in maintaining the Definition of Done.,,,"1,2"
Which two strategies can help a Scrum Team enhance the quality of their Increments? (Choose the two best answers),Regular pair programming and integrating quality metrics into the Definition of Done help Scrum Teams consistently deliver high-quality Increments. <i>The Definition of Done helps ensure quality standards are met consistently.</i> (Scrum Guide 2020),M,PSM-I,Concepts,Lowering the Definition of Done standards to ensure all items can be completed on time.,Incorrect: Lowering standards compromises the quality and value of the Increment.,Conducting regular pair programming sessions to improve code quality and knowledge sharing.,Correct: Pair programming fosters collaboration and improves the overall quality of the work produced.,Including quality metrics in the Definition of Done to ensure specific standards are consistently met.,Correct: Quality metrics help the team maintain focus on essential quality aspects throughout development.,Deferring testing activities to the end of the Sprint to save time during development.,Incorrect: Delaying testing can lead to rushed work and missed quality issues.,Assigning specific team members to handle all quality-related tasks independently.,Incorrect: Quality should be a shared responsibility among all team members.,,,"2,3"
A Scrum Team consistently delivers Increments that lack the expected quality. What action should the Scrum Master take? (Choose the best answer),"The Scrum Master should facilitate reviews of the Definition of Done and provide training on quality practices, helping the team meet standards consistently. <i>The Definition of Done helps ensure quality standards are met consistently.</i> (Scrum Guide 2020)",S,PSM-I,Concepts,Ask the Product Owner to lower quality expectations for the next Sprints.,Incorrect: Lowering expectations compromises the product's value and does not solve the quality issue.,Facilitate a review of the Definition of Done and provide training on quality practices to help the team meet standards consistently.,Correct: Reviewing the Definition of Done and training the team supports quality improvements and consistent delivery.,Reassign quality assurance tasks to the most experienced Developers.,Incorrect: Quality is a shared responsibility and should be integrated into the entire team's workflow.,"Ignore the quality issues, assuming they will resolve naturally as the team gains more experience.",Incorrect: Quality issues need proactive resolution to maintain product integrity and stakeholder trust.,,,,,2
"A Scrum Team has completed a feature, but stakeholders are dissatisfied with the outcome. How should the Scrum Master handle this? (Choose the best answer)","The Scrum Master should facilitate discussions to capture stakeholder feedback and adjust the Product Backlog, ensuring future work aligns with expectations. <i>The Product Owner is accountable for maximizing the value of the product resulting from the work of the Scrum Team.</i> (Scrum Guide 2020)",S,PSM-I,Concepts,Ask the Developers to rework the feature immediately to address stakeholder concerns.,Incorrect: Immediate rework without proper planning can disrupt the Sprint and impact other commitments.,Facilitate a discussion with the stakeholders and the Product Owner to capture feedback and adjust the Product Backlog accordingly.,Correct: Capturing feedback and adjusting the backlog ensures that future work aligns better with stakeholder expectations.,Ignore the dissatisfaction since the feature met the Definition of Done.,"Incorrect: Meeting the Definition of Done is necessary, but stakeholder feedback is crucial for continuous improvement.",Ask the Product Owner to handle the feedback independently.,Incorrect: Feedback should be collaboratively addressed to ensure alignment and continuous improvement.,,,,,2
"During a Sprint, the Scrum Master notices that the Developers are not collaborating effectively. What action should the Scrum Master take? (Choose the best answer)",The Scrum Master should focus on coaching the team to improve their collaboration and communication practices. <i>The Scrum Master helps everyone understand Scrum theory and practice.</i> (Scrum Guide 2020),S,PSM-I,Concepts,Step in and reassign tasks to ensure work is completed.,Incorrect: This contradicts the self-managing nature of the Scrum Team.,Coach the team on effective collaboration and communication practices.,Correct: The Scrum Master helps the team improve collaboration skills.,Report the issue to management for intervention.,Incorrect: Management intervention disrupts the self-managing principle.,Let the team handle it themselves; it's their responsibility.,Incorrect: The Scrum Master should guide the team to improve without directly intervening in their task assignments.,,,,,2
"During the Sprint Retrospective, the team identifies that they often miss the Definition of Done. What should the Scrum Master suggest? (Choose the best answer)",The Scrum Master should coach the team on refining their processes to ensure they consistently meet the Definition of Done. <i>The Definition of Done creates transparency by providing everyone a shared understanding of what work was completed.</i> (Scrum Guide 2020),S,PSM-I,Concepts,Lower the Definition of Done standards to make it achievable.,Incorrect: Lowering quality standards is not a solution.,Coach the team on improving their processes to consistently meet the Definition of Done.,Correct: The Scrum Master should help the team refine their processes to meet quality standards consistently.,Remove items from the Definition of Done during the Sprint.,Incorrect: Adjusting the Definition of Done mid-Sprint disrupts consistency and quality.,Ignore the issue and focus on speed.,Incorrect: Ignoring quality compromises the overall value delivered.,,,,,2
The Developers are consistently unable to meet their Sprint commitment due to unexpected technical debt. What should the Scrum Master do? (Choose the best answer),The Scrum Master should facilitate discussions that help the team identify the root causes of technical debt and find ways to address them. <i>The Scrum Master helps the Scrum Team improve its practices.</i> (Scrum Guide 2020),S,PSM-I,Concepts,Add more Developers to the team to handle the extra work.,Incorrect: Adding people can disrupt team dynamics and is not a sustainable solution.,Facilitate a discussion to identify and address the root cause of the technical debt.,Correct: The Scrum Master should help the team address the root causes of technical debt through collaboration and improvement.,Reduce the scope of the Sprint without involving the Product Owner.,Incorrect: The scope should only be adjusted through negotiation with the Product Owner.,Ignore the issue and allow the team to handle it on their own.,Incorrect: The Scrum Master plays a key role in helping the team improve and address challenges.,,,,,2
What is the best way for the Developers to handle technical debt in a Scrum environment? (Choose the best answer),"Technical debt should be made visible in the Product Backlog and addressed during Sprints as prioritized by the Product Owner, ensuring that quality remains high. <i>The Scrum Team ensures quality by adhering to a Definition of Done that requires any technical debt to be resolved.</i> (Scrum Guide 2020)",S,PSM-I,Concepts,Ignore it until it becomes critical.,Incorrect: Ignoring technical debt can lead to quality issues and increased maintenance costs.,Include it in the Product Backlog and address it during future Sprints.,Correct: Technical debt should be visible and prioritized like any other backlog item.,Handle it during a special hardening Sprint.,Incorrect: Scrum does not support special Sprints dedicated to fixing technical debt.,Assign it to specialists outside the team.,"Incorrect: All work, including technical debt, should be managed by the Scrum Team.",,,,,2
Which Scrum value is demonstrated when a team works together to complete a challenging task despite difficulties? (Choose the best answer),"Commitment is a core Scrum value demonstrated when the team dedicates themselves to achieving their goals, even when faced with difficulties. <i>Scrum Team members commit to achieving their goals and supporting each other.</i> (Scrum Guide 2020)",S,PSM-I,Concepts,Commitment,Correct: Commitment is shown when the team works together and perseveres through challenges to achieve their goals.,Focus,Incorrect: Focus relates to concentrating on the work of the Sprint Goal but does not specifically address overcoming difficulties.,Openness,Incorrect: Openness involves sharing progress and challenges but is not specifically about perseverance.,Respect,Incorrect: Respect involves valuing each other’s contributions but is not directly about overcoming challenges together.,,,,,1
True or False: The Product Owner is solely responsible for ordering the Product Backlog to maximize value. (Choose the best answer),The Product Owner is the only role accountable for ordering the Product Backlog to maximize product value. <i>The Product Owner is accountable for maximizing the value of the product resulting from the work of the Scrum Team.</i> (Scrum Guide 2020),TF,PSM-I,Roles and Responsibilities,,Correct: The Product Owner is solely accountable for ordering the Product Backlog and ensuring it maximizes product value.,,Incorrect: The Product Owner is responsible for managing and ordering the Product Backlog.,,,,,,,,,true
Which three activities should the Product Owner regularly engage in to maximize the value delivered by the Scrum Team? (Choose the three best answers),"Regular backlog refinement, stakeholder engagement, and collaboration with the Scrum Master help the Product Owner maximize the value delivered by the Scrum Team. <i>The Product Owner is accountable for maximizing the value of the product resulting from the work of the Scrum Team.</i> (Scrum Guide 2020)",M,PSM-I,Roles and Responsibilities,Constantly refining and prioritizing the Product Backlog based on stakeholder input.,Correct: Continuous refinement helps ensure that the Product Backlog reflects the most current and valuable work.,Micromanaging the team’s daily tasks to ensure alignment with the Product Goal.,"Incorrect: The Product Owner should focus on backlog management, not micromanaging the team’s work.",Engaging with stakeholders to gather feedback and ensure alignment with market needs.,Correct: Stakeholder engagement helps keep the Product Backlog aligned with external needs and expectations.,Approving every task before it is started by the Developers.,Incorrect: The Product Owner prioritizes work but does not approve individual tasks.,Collaborating closely with the Scrum Master to address impediments that impact value delivery.,Correct: Collaboration with the Scrum Master ensures that the team can address impediments efficiently and maintain focus on value.,,,"1,3,5"
The Scrum Master notices that the Product Owner is not engaging adequately with the Developers. What actions should the Scrum Master take? (Choose the two best answers),"The Scrum Master should coach the Product Owner and facilitate workshops to improve communication, enhancing collaboration between the Product Owner and Developers. <i>The Scrum Master helps the Scrum Team focus on creating high-value Increments that meet the Definition of Done.</i> (Scrum Guide 2020)",M,PSM-I,Roles and Responsibilities,Coach the Product Owner on their role and the importance of collaboration with the team.,Correct: Coaching helps the Product Owner understand their responsibilities and improve engagement.,Facilitate workshops to improve communication between the Product Owner and Developers.,Correct: Facilitating collaboration workshops can help bridge communication gaps.,Take over the Product Owner’s responsibilities temporarily.,Incorrect: The Scrum Master does not take over responsibilities of other roles.,Report the issue to management for intervention.,Incorrect: The Scrum Master should address the issue within the team before escalating.,Ignore the situation as it does not directly impact the Scrum Master’s duties.,Incorrect: The Scrum Master is responsible for ensuring effective team collaboration.,,,"1,2"
Which two actions are essential for the Product Owner to maximize the value of the product? (Choose the two best answers),The Product Owner maximizes value by prioritizing the Product Backlog and clearly communicating the vision and Product Goal to the Scrum Team. <i>The Product Owner is accountable for maximizing the value of the product resulting from the work of the Scrum Team.</i> (Scrum Guide 2020),M,PSM-I,Roles and Responsibilities,Assigning specific tasks to Developers during the Sprint.,Incorrect: The Developers manage their own tasks; the Product Owner focuses on backlog management.,Prioritizing the Product Backlog to ensure the most valuable work is done first.,Correct: The Product Owner orders the Product Backlog to maximize value.,Communicating the vision and Product Goal clearly to the Scrum Team.,Correct: Effective communication ensures the team understands what needs to be achieved.,Facilitating the Daily Scrum to keep the team focused.,Incorrect: The Scrum Master facilitates events; the Product Owner focuses on value.,Reporting team performance to stakeholders regularly.,"Incorrect: The Product Owner manages backlog transparency and prioritization, not performance reporting.",,,"2,3"
Which two activities are critical for the Product Owner during a Sprint? (Choose the two best answers),The Product Owner's key responsibilities include prioritizing the Product Backlog and collaborating with stakeholders to refine it based on feedback. <i>The Product Owner is accountable for maximizing the value of the product resulting from the work of the Scrum Team.</i> (Scrum Guide 2020),M,PSM-I,Roles and Responsibilities,Managing the Developers' daily tasks.,Incorrect: The Developers manage their own tasks; the Product Owner focuses on backlog management.,Ordering the Product Backlog to ensure the most valuable work is prioritized.,Correct: The Product Owner is responsible for maximizing the value by prioritizing the backlog.,Attending the Daily Scrum to track progress.,"Incorrect: The Product Owner’s attendance at Daily Scrums is optional, not mandatory.",Collaborating with stakeholders to refine the Product Backlog based on feedback.,Correct: Stakeholder collaboration ensures the Product Backlog reflects the most valuable work.,Facilitating the Sprint Retrospective.,"Incorrect: The Scrum Master facilitates the Sprint Retrospective, not the Product Owner.",,,"2,4"
Which two roles are essential during the refinement of the Product Backlog? (Choose the two best answers),Backlog refinement involves the Product Owner and Developers working together to ensure items are ready for future Sprints. <i>The Product Owner and Developers collaborate on Product Backlog refinement as needed.</i> (Scrum Guide 2020),M,PSM-I,Roles and Responsibilities,Scrum Master and Developers,Incorrect: The Scrum Master facilitates but does not actively refine.,Product Owner and Developers,Correct: The Product Owner and Developers collaborate on refining the Product Backlog.,Scrum Master and Product Owner,"Incorrect: While the Scrum Master can facilitate, the Developers and Product Owner do the refinement.",Stakeholders and Product Owner,Incorrect: Stakeholders provide input but are not involved directly in refinement.,Developers and Stakeholders,Incorrect: Stakeholders do not directly refine; they provide feedback.,,,"2,3"
A Developer feels overwhelmed by their workload and asks the Scrum Master for help. What should the Scrum Master do? (Choose the best answer),"The Scrum Master should facilitate a team discussion to help the Developers self-manage their workload, ensuring the team can adapt and continue to work effectively. <i>Developers are self-managing, meaning they internally decide who does what, when, and how.</i> (Scrum Guide 2020)",S,PSM-I,Roles and Responsibilities,Assign some of the work to another Developer to balance the load.,Incorrect: The Developers are self-managing and decide together how to handle their work.,Facilitate a team discussion to redistribute the work or adjust the plan.,"Correct: The Scrum Master should facilitate a discussion, allowing the team to self-manage and adapt as needed.",Take on some of the work themselves to help the Developer.,Incorrect: The Scrum Master does not do the work of the Developers.,Report the workload issue to the Product Owner.,Incorrect: The Scrum Master should address the issue within the team rather than escalating externally.,,,,,2
"A Developer is frequently taking on more work than they can handle, causing delays. What should the Scrum Master do? (Choose the best answer)","The Scrum Master should facilitate discussions that help the team manage their workload, improve estimation, and balance task distribution to avoid overcommitment. <i>The Scrum Master helps the Scrum Team improve its practices within the Scrum framework.</i> (Scrum Guide 2020)",S,PSM-I,Roles and Responsibilities,Instruct the Developer to complete tasks faster to keep up with commitments.,Incorrect: Speeding up work compromises quality and sustainability.,Facilitate a discussion to help the team address workload management and improve task estimation.,Correct: The Scrum Master supports the team in managing their workload effectively through better estimation and planning.,Reassign the Developer’s tasks to others to balance the workload.,Incorrect: Task reassignment is not a sustainable solution and disrupts team dynamics.,Extend the Sprint to give more time for task completion.,Incorrect: Extending the Sprint disrupts the regular Scrum cadence.,,,,,2
A Product Owner frequently changes the priority of Product Backlog items during the Sprint. What should the Scrum Master do? (Choose the best answer),The Scrum Master should coach the Product Owner on the importance of maintaining focus during the Sprint to avoid disruptions and help the team stay aligned with the Sprint Goal. <i>The Scrum Master helps the Scrum Team understand the need for clear and concise Product Backlog items.</i> (Scrum Guide 2020),S,PSM-I,Roles and Responsibilities,Allow the changes to keep the team focused on high-priority work.,Incorrect: Changes during the Sprint can disrupt the team’s focus and should be minimized.,Coach the Product Owner on the importance of maintaining a stable Sprint Backlog during the Sprint.,Correct: The Scrum Master should coach the Product Owner to minimize changes that could affect team focus and the Sprint Goal.,Ask the team to ignore the Product Owner’s changes.,Incorrect: The Scrum Master should not encourage ignoring any role's input but should facilitate proper communication.,Extend the Sprint to accommodate the changes.,Incorrect: Sprints are time-boxed and should not be extended.,,,,,2
A Scrum Team finds it difficult to implement new technologies due to a lack of specific expertise. What should the Scrum Master do? (Choose the best answer),"The Scrum Master should facilitate training and learning opportunities to help the team build the skills needed to adopt new technologies, supporting continuous improvement. <i>The Scrum Team is cross-functional, meaning the members have all the skills necessary to create value each Sprint.</i> (Scrum Guide 2020)",S,PSM-I,Roles and Responsibilities,Assign the tasks requiring new technology to the most experienced Developers.,Incorrect: Assigning tasks based solely on experience can create bottlenecks and does not address the skill gap.,Facilitate training sessions or pair programming opportunities to build the necessary skills within the team.,Correct: Providing learning opportunities helps the team gain the skills needed to adopt new technologies effectively.,Ask the Product Owner to remove all items requiring new technologies from the backlog.,Incorrect: Avoiding technological advancements limits the team’s growth and adaptability.,Outsource the tasks to external experts temporarily.,Incorrect: Outsourcing disrupts team dynamics and does not help the team develop needed skills internally.,,,,,2
A Scrum Team is struggling with maintaining focus during their Sprints due to frequent interruptions. What should the Scrum Master do? (Choose the best answer),"The Scrum Master should facilitate discussions to help the team identify and manage interruptions, enabling them to maintain focus on the Sprint Goal. <i>The Scrum Master helps the Scrum Team improve its practices within the Scrum framework.</i> (Scrum Guide 2020)",S,PSM-I,Roles and Responsibilities,Remind the team to ignore external requests until the Sprint is over.,Incorrect: Ignoring external requests without proper communication may cause misalignment with stakeholders.,Facilitate a discussion to identify the source of interruptions and establish boundaries.,Correct: The Scrum Master helps the team manage interruptions and maintain focus on the Sprint Goal.,Adjust the Sprint Backlog to accommodate the interruptions.,Incorrect: Adjusting the Sprint Backlog mid-Sprint disrupts the team’s focus and planning.,Escalate the issue to upper management to prevent further interruptions.,Incorrect: The issue should be managed within the Scrum Team through improved communication and processes.,,,,,2
"During a Sprint, a Developer identifies a technical impediment that could delay the Sprint Goal. What should the Scrum Master do? (Choose the best answer)","The Scrum Master should facilitate discussions to help the team identify and resolve impediments, ensuring progress toward the Sprint Goal. <i>The Scrum Master helps the Scrum Team remove impediments to the team’s progress.</i> (Scrum Guide 2020)",S,PSM-I,Roles and Responsibilities,Ask the Developer to work extra hours to resolve the issue.,Incorrect: Encouraging overwork is not a sustainable or effective solution.,Facilitate a discussion with the team to explore possible solutions and remove the impediment.,Correct: The Scrum Master helps the team address impediments and find collaborative solutions.,Escalate the problem to management for a quick fix.,Incorrect: Issues should be handled within the Scrum Team whenever possible.,Ignore the impediment and focus on the Sprint Goal.,Incorrect: Ignoring impediments can jeopardize the Sprint Goal.,,,,,2
"During a Sprint, a team member consistently misses Daily Scrums, citing work overload. What should the Scrum Master do? (Choose the best answer)",The Scrum Master should address attendance issues directly to ensure the team maintains regular communication and alignment during Daily Scrums. <i>The Daily Scrum is a key event for self-management and collaboration.</i> (Scrum Guide 2020),S,PSM-I,Roles and Responsibilities,Ignore the absences if the work is being completed on time.,Incorrect: Regular attendance is essential for team alignment and communication.,Discuss with the team member privately to understand the issue and stress the importance of participation.,Correct: Addressing the issue directly helps the team member understand their role in team collaboration.,Reassign the team member’s tasks to others to reduce their workload.,Incorrect: Redistributing work may temporarily relieve the burden but doesn’t address the root cause of missed meetings.,Report the issue to management for further action.,Incorrect: Handling such issues internally helps maintain trust and team cohesion.,,,,,2
"During Sprint Planning, the Developers express concerns about not having all the required skills to complete a critical task. What should the Scrum Master do? (Choose the best answer)","The Scrum Master should facilitate discussions to help the team address skill gaps through collaboration and knowledge sharing, ensuring the Sprint Goal is achievable. <i>The Scrum Master helps the Scrum Team improve its practices within the Scrum framework.</i> (Scrum Guide 2020)",S,PSM-I,Roles and Responsibilities,Assign the task to the most skilled Developer to ensure it's completed.,Incorrect: Task assignment is not the role of the Scrum Master; the team should self-organize to address skill gaps.,Facilitate a discussion on how the team can share knowledge or find alternative ways to complete the task.,Correct: The Scrum Master helps the team find collaborative solutions to skill gaps.,"Ignore the concern, assuming the team will figure it out.",Incorrect: Ignoring skill gaps can lead to incomplete work and missed Sprint Goals.,Ask the Product Owner to adjust the Sprint Backlog to remove the task.,"Incorrect: Adjusting the backlog should be a last resort; first, the team should explore ways to complete the task.",,,,,2
True or False: The Product Backlog should be kept static and only updated at the end of each Sprint. (Choose the best answer),"The Product Backlog is continuously updated to reflect the current state of requirements, ensuring it remains relevant and aligned with stakeholder needs. <i>The Product Backlog is a dynamic, ordered list that is regularly refined to maximize value.</i> (Scrum Guide 2020)",TF,PSM-I,Scrum Artifacts,,Incorrect: The Product Backlog is dynamic and should be updated regularly to reflect new insights and feedback.,,"Correct: The Product Backlog is a living document that evolves as new information becomes available, ensuring it reflects the latest priorities and requirements.",,,,,,,,,false
Which three best practices can help a Scrum Team maintain a healthy Product Backlog? (Choose the three best answers),"Maintaining a healthy Product Backlog involves regular refinement, stakeholder collaboration, and updating items based on feedback. <i>Product Backlog refinement is the act of adding detail, estimates, and order to items in the Product Backlog.</i> (Scrum Guide 2020)",M,PSM-I,Scrum Artifacts,Regularly refining items to ensure they are clear and actionable.,Correct: Refinement keeps the Product Backlog up to date and ensures items are ready for future Sprints.,Assigning tasks to specific Developers during refinement sessions.,Incorrect: Tasks are not assigned during refinement; the focus is on clarifying and estimating items.,Collaborating with stakeholders to gather feedback and adjust priorities.,Correct: Stakeholder input helps keep the Product Backlog aligned with current needs and priorities.,Documenting detailed specifications for every Product Backlog item.,Incorrect: Detailed documentation is not necessary; clarity and alignment with the Product Goal are more important.,Using feedback from completed Sprints to update the Product Backlog.,Correct: Feedback helps the Product Owner adjust priorities and refine items to better meet stakeholder needs.,,,"1,3,5"
Which three elements are critical to the Sprint Backlog? (Choose the three best answers),"The Sprint Backlog includes the selected Product Backlog items, the Sprint Goal, and the plan for achieving the Sprint Goal. <i>The Sprint Backlog is a highly visible, real-time picture of the work that the Developers plan to accomplish.</i> (Scrum Guide 2020)",M,PSM-I,Scrum Artifacts,The selected Product Backlog items for the Sprint.,Correct: These items represent the work planned for the Sprint.,A detailed list of tasks for each team member.,Incorrect: The Sprint Backlog does not contain task lists; it’s a plan by the Developers.,The Sprint Goal.,Correct: The Sprint Goal provides direction and focus for the Sprint.,The plan for how the Developers will work together to achieve the Sprint Goal.,Correct: This plan helps guide the Developers in completing the work needed for the Sprint.,A review of completed work from the last Sprint.,"Incorrect: The Sprint Backlog focuses on the current Sprint, not past work.",,,"1,3,4"
Which three elements should be included in the Sprint Backlog? (Choose the three best answers),"The Sprint Backlog includes the selected Product Backlog items, the Sprint Goal, and the plan for achieving that goal. <i>The Sprint Backlog is a plan by and for the Developers.</i> (Scrum Guide 2020)",M,PSM-I,Scrum Artifacts,The Product Backlog items selected for the Sprint.,Correct: These items represent the work that the team plans to complete during the Sprint.,The Sprint Goal.,Correct: The Sprint Goal provides focus and guidance for the team’s work during the Sprint.,The completed Increment from the previous Sprint.,Incorrect: The Increment reflects completed work and is not part of the Sprint Backlog.,The plan for how the team will achieve the Sprint Goal.,Correct: The team’s plan outlines how they will complete the selected Product Backlog items.,The Product Owner’s approval of each task.,Incorrect: Approval processes are not part of the Sprint Backlog; it focuses on the team’s work plan and goals.,,,"1,2,4"
Which two key responsibilities does the Product Owner have during backlog refinement? (Choose the two best answers),"The Product Owner collaborates with the Developers to refine and prioritize Product Backlog items, ensuring that the backlog is clear, actionable, and aligned with stakeholder needs. <i>The Product Owner is accountable for maximizing the value of the product resulting from the work of the Scrum Team.</i> (Scrum Guide 2020)",M,PSM-I,Scrum Artifacts,Setting estimates for Product Backlog items to guide planning decisions.,"Incorrect: Estimation is a responsibility of the Developers, not the Product Owner.","Collaborating with Developers to clarify and refine items, ensuring they are ready for future Sprints.","Correct: Collaboration helps ensure that backlog items are clear, actionable, and aligned with current priorities.","Prioritizing items based on stakeholder feedback, market conditions, and product strategy.",Correct: The Product Owner is responsible for ensuring that the backlog reflects the latest priorities and strategy.,Handling all refinement sessions independently to maintain control over the Product Backlog.,"Incorrect: Refinement should be a collaborative effort, not managed by the Product Owner alone.",Delegating refinement tasks to team members to speed up the process.,Incorrect: Refinement is best done collaboratively to ensure shared understanding and alignment.,,,"1,3"
Which two roles work together most closely to ensure the Product Backlog reflects the current priorities? (Choose the two best answers),The Product Owner collaborates closely with the Developers and receives support from the Scrum Master to ensure the Product Backlog is well managed and prioritized. <i>The Product Owner is accountable for maximizing the value of the product resulting from the work of the Scrum Team.</i> (Scrum Guide 2020),M,PSM-I,Scrum Artifacts,Scrum Master and Product Owner,Correct: The Product Owner manages the Product Backlog with support from the Scrum Master in facilitating discussions and refinement.,Developers and Stakeholders,"Incorrect: Stakeholders provide feedback, but the Developers work directly with the Product Owner on backlog items.",Product Owner and Developers,Correct: The Product Owner collaborates with the Developers to refine and prioritize items based on the latest needs and insights.,Scrum Master and Stakeholders,"Incorrect: Stakeholders provide input, but managing the backlog is not a direct responsibility of the Scrum Master.",Product Owner and Stakeholders,"Incorrect: While stakeholders influence priorities, the Product Owner manages the Product Backlog.",,,"1,3"
A Scrum Team is experiencing repeated issues with unclear requirements during Sprints. What action should the Scrum Master take? (Choose the best answer),"The Scrum Master should facilitate refinement sessions to ensure that Product Backlog items are clear and understood, minimizing issues during Sprints. <i>Product Backlog refinement is the act of adding detail, estimates, and order to items.</i> (Scrum Guide 2020)",S,PSM-I,Scrum Artifacts,Instruct the Developers to proceed based on their best guess.,Incorrect: Assumptions without clarification can lead to errors and misalignment.,Facilitate a backlog refinement session to improve the clarity of Product Backlog items.,Correct: Refinement helps ensure that requirements are clear and well understood before Sprints.,Ignore the issue as part of the natural challenges of development.,Incorrect: Ignoring the issue can lead to ongoing inefficiencies and reduced product quality.,Ask the Product Owner to simplify requirements to avoid confusion.,Incorrect: Simplification is not always the solution; clarity and thorough understanding are key.,,,,,2
What is the main purpose of refining Product Backlog items during a Sprint? (Choose the best answer),"The main purpose of refining Product Backlog items is to ensure they are clear, well-understood, and ready for selection in future Sprints. <i>Product Backlog refinement is the act of adding detail, estimates, and order to items in the Product Backlog.</i> (Scrum Guide 2020)",S,PSM-I,Scrum Artifacts,To assign tasks to specific Developers before the next Sprint Planning.,"Incorrect: Refinement focuses on clarifying items, not assigning tasks.","To ensure that items are clear, actionable, and ready for future Sprints.",Correct: Refinement helps the team prepare work that can be easily understood and executed in upcoming Sprints.,To decide which items will be worked on in the current Sprint.,"Incorrect: Sprint Planning, not refinement, determines what will be worked on in the current Sprint.",To estimate the time required for each task in the Product Backlog.,"Incorrect: Refinement is about understanding and prioritizing items, not detailed task time estimation.",,,,,2
What is the primary function of the Definition of Ready in Scrum? (Choose the best answer),"The Definition of Ready sets the criteria that Product Backlog items must meet to be considered ready for inclusion in a Sprint, ensuring clarity and actionability. <i>Product Backlog items that can be considered for selection in a Sprint should meet the Definition of Ready.</i> (Scrum Guide 2020)",S,PSM-I,Scrum Artifacts,To ensure that all Product Backlog items are fully detailed before being selected for a Sprint.,"Incorrect: While detail is important, the Definition of Ready focuses on readiness for work, not exhaustive detailing.",To set criteria that Product Backlog items must meet before being accepted into a Sprint.,"Correct: The Definition of Ready ensures that items are clear, actionable, and ready for inclusion in a Sprint.",To validate that completed work meets all quality standards.,"Incorrect: This is the purpose of the Definition of Done, not the Definition of Ready.",To guarantee that the Sprint Goal will be achieved.,Incorrect: The Definition of Ready helps prepare work for Sprints but does not guarantee goal achievement.,,,,,2
What is the primary role of the Product Backlog in Scrum? (Choose the best answer),"The Product Backlog is an ordered list of all work needed for the product, maintained by the Product Owner to maximize value. <i>The Product Backlog is an ordered list of everything that is known to be needed in the product.</i> (Scrum Guide 2020)",S,PSM-I,Scrum Artifacts,To assign tasks to Developers during the Sprint.,Incorrect: The Product Backlog does not assign tasks; it lists work needed for the product.,"To provide an ordered list of all work needed for the product, managed by the Product Owner.",Correct: The Product Backlog is managed by the Product Owner to ensure it reflects the most valuable work.,To track the team’s performance over time.,"Incorrect: The Product Backlog focuses on future work, not performance tracking.",To ensure all team members have an equal workload.,"Incorrect: The Product Backlog prioritizes work based on value, not equal distribution of tasks.",,,,,2
"True or False: During the Daily Scrum, each Developer must provide an update on their progress toward the Sprint Goal. (Choose the best answer)",The Daily Scrum focuses on how each Developer’s progress contributes to achieving the Sprint Goal and planning the next steps. <i>The purpose of the Daily Scrum is to inspect progress toward the Sprint Goal and adapt the Sprint Backlog as necessary.</i> (Scrum Guide 2020),TF,PSM-I,Scrum Events,,Correct: The Daily Scrum focuses on progress toward the Sprint Goal and how to plan the next 24 hours.,,Incorrect: The Daily Scrum is about inspecting progress and adapting plans to meet the Sprint Goal.,,,,,,,,,true
True or False: The Sprint Planning event is critical for setting the direction of the Sprint. (Choose the best answer),"Sprint Planning sets the Sprint Goal and defines the work that the Developers will undertake, providing direction for the Sprint. <i>The purpose of Sprint Planning is to define what can be delivered in the Sprint and how that work will be achieved.</i> (Scrum Guide 2020)",TF,PSM-I,Scrum Events,,Correct: Sprint Planning defines what can be done during the Sprint and sets the Sprint Goal.,,Incorrect: Sprint Planning is essential for setting the Sprint’s direction and planning the work.,,,,,,,,,true
Which three elements are essential to a successful Sprint Review? (Choose the three best answers),"Engaging stakeholders, inspecting the Product Backlog, and adapting it based on feedback are key elements of a successful Sprint Review. <i>The Sprint Review is a working session, and the Scrum Team should avoid limiting it to a presentation.</i> (Scrum Guide 2020)",M,PSM-I,Scrum Events,Presenting the Increment to stakeholders as a formal product release.,"Incorrect: The Sprint Review is a feedback session, not a formal release event.",Engaging stakeholders in a discussion about what was accomplished and how it aligns with the Product Goal.,Correct: Stakeholder engagement helps ensure the product aligns with market needs and expectations.,Inspecting the Product Backlog and adapting it based on feedback received during the Review.,Correct: Adaptation of the Product Backlog ensures it reflects the latest feedback and priorities.,Focusing solely on the positive aspects of the Increment to boost team morale.,"Incorrect: Constructive feedback, including areas for improvement, is essential for product growth.",Planning the next Sprint in detail to immediately incorporate feedback.,Incorrect: The Sprint Review is not for detailed planning but for feedback and adaptation.,,,"1,3,5"
Which two actions are essential for the Scrum Master to facilitate an effective Sprint Retrospective? (Choose the two best answers),The Scrum Master should facilitate an inclusive and structured Sprint Retrospective to help the team identify actionable improvements. <i>The Sprint Retrospective is an opportunity for the Scrum Team to inspect itself and create a plan for improvements.</i> (Scrum Guide 2020),M,PSM-I,Scrum Events,Ensure every team member has an equal opportunity to speak.,Correct: Equal participation helps gather diverse insights and fosters a collaborative environment.,Assign specific actions to team members for the next Sprint.,"Incorrect: Actions should be agreed upon by the team, not assigned by the Scrum Master.",Use facilitation techniques to keep the discussion focused and constructive.,Correct: Effective facilitation helps the team stay on topic and generate valuable outcomes.,Focus only on the negative aspects to drive improvement.,Incorrect: A balanced approach helps the team reflect on both successes and areas for improvement.,Schedule the Retrospective at the team’s convenience to ensure attendance.,Incorrect: Retrospectives should be time-boxed and occur regularly to maintain momentum.,,,"2,3"
Which two practices can help prevent common anti-patterns in Sprint Planning? (Choose the two best answers),"Fully refined Product Backlog items and a focus on the Sprint Goal help prevent common anti-patterns in Sprint Planning, ensuring a productive and aligned planning session. <i>Sprint Planning sets the direction of the Sprint by defining the Sprint Goal and selecting work to achieve it.</i> (Scrum Guide 2020)",M,PSM-I,Scrum Events,Ensuring all Product Backlog items are fully refined before the Sprint Planning session.,Correct: Fully refined items help ensure that the team can accurately plan their work.,Allowing the Scrum Master to assign tasks to team members.,"Incorrect: The Scrum Master facilitates, but task assignment is done by the Developers themselves.",Keeping the focus on the Sprint Goal and the work needed to achieve it.,Correct: A focused approach helps prevent distractions and keeps planning on track.,Skipping the discussion of the Sprint Goal to save time.,Incorrect: The Sprint Goal provides direction and purpose for the Sprint.,Allowing stakeholders to participate actively in task estimation.,"Incorrect: Task estimation is a responsibility of the Scrum Team, not stakeholders.",,,"1,3"
A Scrum Team has trouble maintaining a steady velocity due to frequent changes in team composition. What should the Scrum Master do? (Choose the best answer),"The Scrum Master should facilitate Retrospectives that focus on adapting to changes in team composition, helping the team find ways to maintain stability and a consistent work rhythm. <i>The Sprint Retrospective is an opportunity for the Scrum Team to inspect itself and create a plan for improvements to be enacted during the next Sprint.</i> (Scrum Guide 2020)",S,PSM-I,Scrum Events,Encourage the team to ignore velocity as a metric until the team stabilizes.,"Incorrect: While velocity may fluctuate, it remains a valuable tool for understanding team performance and planning.",Facilitate Retrospectives focused on adapting to changes and finding ways to stabilize the team’s working rhythm.,Correct: Retrospectives provide opportunities for the team to reflect on challenges and adapt their processes to maintain stability.,Assign tasks based on team members’ strengths to maximize output regardless of team changes.,Incorrect: Task assignment should be managed collectively to promote team collaboration and learning.,Escalate the issue to management to prevent further changes in team composition.,Incorrect: The Scrum Master should first help the team adapt to changes before considering escalation.,,,,,2
"During Sprint Planning, the Developers are unsure about the complexity of a new feature. What should they do? (Choose the best answer)","The Developers should break down complex features into smaller tasks, making them easier to estimate and commit to, ensuring they can meet the Sprint Goal. <i>Product Backlog items that can be done by the Developers within one Sprint are deemed ready for selection in Sprint Planning.</i> (Scrum Guide 2020)",S,PSM-I,Scrum Events,Commit to the feature regardless of uncertainty.,Incorrect: Committing to work with high uncertainty can jeopardize the Sprint Goal.,"Break down the feature into smaller, manageable tasks and commit to what they understand.","Correct: Breaking down complex items into smaller, clearer tasks helps the team commit with confidence.",Ask the Product Owner to remove the feature entirely.,"Incorrect: The feature should be refined, not removed, if it is of value.",Postpone all complex features to future Sprints.,Incorrect: Addressing complexity through refinement and understanding is preferable to postponing.,,,,,2
"During the Daily Scrum, the Developers identify an impediment that is slowing their progress. What should they do next? (Choose the best answer)","The Daily Scrum is designed for the Developers to inspect progress and address any impediments to their work, adapting their plan to stay on track toward the Sprint Goal. <i>The Daily Scrum is a 15-minute event for the Developers of the Scrum Team to inspect progress toward the Sprint Goal.</i> (Scrum Guide 2020)",S,PSM-I,Scrum Events,Continue working without addressing the impediment to stay on schedule.,Incorrect: Ignoring impediments can prevent the team from achieving the Sprint Goal.,Raise the impediment during the Daily Scrum and decide on a course of action as a team.,Correct: The Daily Scrum is the right place to discuss impediments and adapt the plan.,Ask the Scrum Master to solve the impediment immediately.,Incorrect: The Scrum Master facilitates but does not necessarily solve all impediments directly.,Wait until the Sprint Retrospective to address the impediment.,"Incorrect: Impediments should be addressed as soon as possible, not delayed until the Retrospective.",,,,,2
"During the Sprint Retrospective, the team identifies recurring issues with the clarity of requirements. What should the Scrum Master suggest? (Choose the best answer)",The Scrum Master should facilitate ongoing refinement sessions to enhance communication and ensure requirements are clear. <i>Refinement is an ongoing process that helps the Scrum Team to better understand Product Backlog items.</i> (Scrum Guide 2020),S,PSM-I,Scrum Events,Create more detailed documentation for future Sprints.,Incorrect: Excessive documentation does not necessarily solve clarity issues.,Facilitate ongoing refinement sessions between Developers and the Product Owner.,Correct: Regular refinement helps ensure clarity and alignment on requirements.,Ask the Product Owner to provide more detailed specifications upfront.,"Incorrect: Refinement should be collaborative, not just a one-sided activity.",Assign a team member to act as an intermediary for requirement clarification.,Incorrect: This adds unnecessary roles and complexity.,,,,,2
"During the Sprint Review, stakeholders provide feedback that requires significant changes. How should the Scrum Master respond? (Choose the best answer)",The Scrum Master should facilitate discussions to gather feedback and update the Product Backlog for future planning. <i>The Sprint Review is an opportunity to inspect the Increment and adapt the Product Backlog based on feedback.</i> (Scrum Guide 2020),S,PSM-I,Scrum Events,Ask the team to implement the changes immediately to satisfy stakeholders.,Incorrect: Immediate implementation without evaluation can disrupt the Sprint.,Facilitate a discussion to incorporate feedback into the Product Backlog and guide future work.,Correct: The Scrum Master ensures feedback is used to refine and guide future work.,Ignore the feedback as it is outside the scope of the current Sprint.,Incorrect: Feedback should be acknowledged and used to adapt the Product Backlog.,Request the stakeholders to provide feedback in the next Sprint Planning session.,Incorrect: Feedback is crucial during the Sprint Review to adapt future work.,,,,,2
"During the Sprint, the Developers find that some tasks are taking longer than expected. What should they do? (Choose the best answer)","The Developers should use the Daily Scrum to inspect and adapt their plan, ensuring they make necessary adjustments to stay on track with the Sprint Goal. <i>During the Sprint, the Developers modify their plan each day toward the Sprint Goal.</i> (Scrum Guide 2020)",S,PSM-I,Scrum Events,Work overtime to complete all tasks as planned.,Incorrect: Overworking can lead to burnout and does not align with maintaining a sustainable pace.,"Inspect and adapt their plan during the Daily Scrum, adjusting tasks as needed.",Correct: The Developers should inspect their progress daily and adjust their plan to stay on track toward the Sprint Goal.,Extend the Sprint duration to accommodate the delays.,Incorrect: Sprints are time-boxed and cannot be extended to accommodate delays.,Ignore the delays and continue working as planned.,Incorrect: Ignoring delays can jeopardize the achievement of the Sprint Goal.,,,,,2
Which Scrum event is primarily focused on inspecting and adapting the process to improve team performance? (Choose the best answer),The Sprint Retrospective is the Scrum event focused on inspecting and adapting the team’s process to improve future performance. <i>The purpose of the Sprint Retrospective is to plan ways to increase quality and effectiveness.</i> (Scrum Guide 2020),S,PSM-I,Scrum Events,Sprint Planning,"Incorrect: Sprint Planning focuses on defining work, not process improvement.",Sprint Retrospective,Correct: The Sprint Retrospective is dedicated to inspecting the process and identifying areas for improvement.,Sprint Review,"Incorrect: The Sprint Review focuses on product feedback, not process improvement.",Daily Scrum,"Incorrect: The Daily Scrum focuses on daily progress, not process inspection.",,,,,2
Which event allows the Scrum Team to inspect progress toward the Sprint Goal and adapt the Sprint Backlog as necessary? (Choose the best answer),"The Daily Scrum is a daily opportunity for the team to inspect their progress and adapt their plan toward achieving the Sprint Goal. <i>The Developers can select whatever structure and techniques they want, as long as their Daily Scrum focuses on progress toward the Sprint Goal.</i> (Scrum Guide 2020)",S,PSM-I,Scrum Events,Sprint Planning,"Incorrect: Sprint Planning is for setting the initial plan for the Sprint, not inspecting progress.",Daily Scrum,Correct: The Daily Scrum allows the team to inspect progress and adapt their work toward the Sprint Goal.,Sprint Retrospective,"Incorrect: The Retrospective focuses on improving the process, not tracking progress toward the Sprint Goal.",Sprint Review,"Incorrect: The Sprint Review inspects the Increment, not daily progress.",,,,,2
What is the primary purpose of the Sprint Retrospective? (Choose the best answer),The Sprint Retrospective helps the team inspect their processes and make improvements for future Sprints. <i>The purpose of the Sprint Retrospective is to plan ways to increase quality and effectiveness.</i> (Scrum Guide 2020),S,PSM-I,Scrum Events,To evaluate the performance of individual team members.,"Incorrect: The Retrospective focuses on the team’s process, not individual performance.",To inspect and adapt the team’s process to improve quality and effectiveness.,Correct: The Retrospective aims to help the team continuously improve its processes.,To plan the work for the next Sprint.,"Incorrect: Sprint Planning is the event for planning the next Sprint, not the Retrospective.",To review the Increment and gather feedback from stakeholders.,"Incorrect: This is the purpose of the Sprint Review, not the Retrospective.",,,,,2
What is the main purpose of the Sprint Planning event? (Choose the best answer),The primary purpose of Sprint Planning is to set the Sprint Goal and create a plan for achieving it during the upcoming Sprint. <i>The purpose of Sprint Planning is to define what can be delivered in the Sprint and how that work will be achieved.</i> (Scrum Guide 2020),S,PSM-I,Scrum Events,To set the Sprint Goal and define the work that will be done in the Sprint.,Correct: Sprint Planning focuses on setting the goal and planning the work for the Sprint.,To review the work completed in the previous Sprint.,"Incorrect: This is the focus of the Sprint Review, not Sprint Planning.",To finalize the product for release.,Incorrect: Releasing the product is not the purpose of Sprint Planning.,To assign tasks to individual team members.,Incorrect: The team self-organizes and decides how to handle tasks.,,,,,1
The Scrum Team realizes that a key stakeholder is not providing timely feedback on the increments. What should the team do? (Choose the best answer),The Scrum Master plays a key role in ensuring that stakeholders are engaged and that their feedback is integrated into the Scrum process effectively. <i>The Scrum Master helps the Scrum Team understand the need for clear and concise Product Backlog items.</i> (Scrum Guide 2020),S,PSM-I,Scrum Events,Skip involving the stakeholder in the next review.,Incorrect: Stakeholder involvement is crucial for valuable feedback.,Work with the Scrum Master to engage the stakeholder more effectively.,"Correct: The Scrum Master facilitates communication between the team and stakeholders, ensuring feedback is timely and useful.",Ignore the stakeholder and proceed with the work.,Incorrect: Stakeholder feedback is essential for aligning work with business needs.,Change the Sprint Goal to accommodate delays in feedback.,"Incorrect: The Sprint Goal should remain the same, and feedback should be managed effectively.",,,,,2
The Product Owner wants to add a new high-priority item to the current Sprint. How should the Scrum Team handle this? (Choose the best answer),"The Scrum Team should evaluate the proposed change collaboratively to understand its impact on the Sprint Goal and decide if it can be accommodated without compromising the Sprint. <i>The Developers can adjust their plan each day during the Sprint, and adjust the Sprint Backlog as needed.</i> (Scrum Guide 2020)",S,PSM-I,Scrum Events,Add the item immediately to keep the Product Owner happy.,Incorrect: Changes to the Sprint Backlog during the Sprint should be minimized to maintain focus.,Discuss the change with the Scrum Team to determine its impact on the Sprint Goal before making any decisions.,Correct: The team should evaluate the impact of any changes to ensure they do not jeopardize the Sprint Goal.,Ignore the request and focus on the current Sprint Backlog items.,Incorrect: The team should not ignore the Product Owner’s input but evaluate it collaboratively.,Ask the Scrum Master to resolve the conflict between the team and the Product Owner.,Incorrect: The team should work together to assess the request and its impact.,,,,,2
How can a Scrum Team ensure they are delivering value to stakeholders consistently? (Choose the best answer),"Engaging stakeholders during the Sprint Review allows the Scrum Team to gather feedback, ensuring that their work remains valuable and aligned with stakeholder expectations. <i>The Sprint Review is a working session, and the Scrum Team should avoid limiting it to a presentation.</i> (Scrum Guide 2020)",S,PSM-I,Scrum Events,Deliver only what the Product Owner requests without stakeholder input.,Incorrect: Stakeholder feedback is essential to ensure that the work delivers value.,Engage stakeholders during the Sprint Review to gather feedback and adjust the Product Backlog accordingly.,"Correct: Engaging stakeholders in the Sprint Review ensures that feedback is incorporated, aligning future work with their needs.","Focus on delivering as much work as possible, regardless of feedback.",Incorrect: Quantity of work does not guarantee value; stakeholder feedback is crucial.,Work in isolation to avoid external disruptions.,Incorrect: Collaboration with stakeholders is vital for delivering valuable outcomes.,,,,,2
"During Sprint Planning, the team disagrees on the complexity of a task. What should the Scrum Master do? (Choose the best answer)","The Scrum Master should facilitate discussions to help the team reach a consensus on task complexity, ensuring accurate planning and alignment. <i>Sprint Planning defines what can be delivered in the Sprint and how that work will be achieved.</i> (Scrum Guide 2020)",S,PSM-I,Scrum Events,Decide on the complexity level to keep the planning session moving.,Incorrect: The Scrum Master facilitates but does not decide task complexity.,Facilitate a discussion to explore the different perspectives and reach a consensus on task complexity.,Correct: Facilitating a discussion helps the team understand each other's viewpoints and agree on complexity.,Ask the Product Owner to simplify the task to reduce complexity.,Incorrect: Simplification without team input may lead to misunderstandings and reduce the effectiveness of the planning.,Move the task to the next Sprint until the team can agree on the complexity.,Incorrect: Postponing decisions disrupts the planning process and can delay work unnecessarily.,,,,,2
True or False: The Product Backlog must always be refined fully before Sprint Planning. (Choose the best answer),"Product Backlog refinement is an ongoing process that helps clarify and prepare items for future Sprints but does not need to be fully completed before Sprint Planning. <i>Product Backlog refinement is the act of adding detail, estimates, and order to items in the Product Backlog.</i> (Scrum Guide 2020)",TF,PSM-I,ScrumArtifacts,,Incorrect: The Product Backlog is an evolving artifact and does not need to be fully refined at any point.,,Correct: Product Backlog refinement is continuous and does not have to be complete before Sprint Planning.,,,,,,,,,false
A Scrum Team is having difficulty completing Product Backlog items within one Sprint. What action should they take? (Choose the best answer),"Splitting larger items during Product Backlog Refinement ensures that work can be completed within the Sprint, making it manageable and aligning with the team's capacity. <i>Product Backlog refinement is the act of adding detail, estimates, and order to items in the Product Backlog.</i> (Scrum Guide 2020)",S,PSM-I,ScrumArtifacts,"Split larger items into smaller, more manageable tasks during Product Backlog Refinement.","Correct: Splitting larger items helps ensure that work can be completed within a single Sprint, aligning with the team’s capacity.",Extend the Sprint duration to accommodate the work.,Incorrect: Sprints are time-boxed and should not be extended.,Ask the Scrum Master to remove items from the Sprint Backlog mid-Sprint.,"Incorrect: The Sprint Backlog should be adjusted collaboratively with the team, not unilaterally.",Focus on completing the easiest tasks first to show progress.,"Incorrect: Work should be planned and prioritized to deliver value, not just show progress.",,,,,1
Which artifact provides the Developers with a real-time picture of the work they plan to accomplish during the Sprint? (Choose the best answer),"The Sprint Backlog provides the Developers with a clear, real-time view of the work they have committed to completing during the Sprint and their plan for achieving the Sprint Goal. <i>The Sprint Backlog is a plan by and for the Developers.</i> (Scrum Guide 2020)",S,PSM-I,ScrumArtifacts,Product Backlog,"Incorrect: The Product Backlog contains all future work, not the plan for the current Sprint.",Sprint Backlog,Correct: The Sprint Backlog is a real-time picture of the work the Developers plan to do during the Sprint.,Increment,"Incorrect: The Increment is the result of the work completed during the Sprint, not the planned work.",Definition of Done,"Incorrect: The Definition of Done is a quality standard, not a plan for the Sprint.",,,,,2
Which of the following best describes the purpose of the Sprint Backlog? (Choose the best answer),The Sprint Backlog outlines the work that the Developers have committed to completing during the Sprint and serves as their plan to achieve the Sprint Goal. <i>The Sprint Backlog is a plan by and for the Developers.</i> (Scrum Guide 2020),S,PSM-I,ScrumArtifacts,To provide a detailed schedule for the team’s work.,"Incorrect: The Sprint Backlog is a plan, not a detailed schedule.",To outline the work Developers will perform during the Sprint and their plan to meet the Sprint Goal.,Correct: The Sprint Backlog contains selected Product Backlog items and the team’s plan for achieving the Sprint Goal.,To track the team’s individual tasks and performance metrics.,"Incorrect: The Sprint Backlog is about collective progress, not individual tracking.",To capture all tasks assigned by the Product Owner.,Incorrect: The Product Owner does not assign tasks; the team self-manages.,,,,,2
Which three practices can help a Scrum Team improve the accuracy of their Sprint Planning? (Choose the three best answers),"Discussing risks, breaking down large items, and using Retrospective insights help Scrum Teams improve the accuracy of their Sprint Planning. <i>Estimation helps the Scrum Team forecast progress and manage expectations.</i> (Scrum Guide 2020)",M,PSM-I,Sprint Management,Using historical velocity as the sole predictor of future capacity.,Incorrect: Velocity is a useful reference but should not be the only factor considered during planning.,Discussing risks and uncertainties openly during Sprint Planning to adjust estimates accordingly.,Correct: Open discussions about risks help the team make more accurate estimates and commitments.,"Breaking down large Product Backlog items into smaller, more manageable tasks.",Correct: Smaller tasks are easier to estimate accurately and help the team plan their work effectively.,Skipping estimation and focusing solely on delivering as much as possible.,Incorrect: Skipping estimation can lead to overcommitment and unmet goals.,Regularly reviewing past Sprint performance during Retrospectives to refine estimation techniques.,Correct: Retrospective insights help the team continuously improve their estimation process.,,,"1,3,5"
Which two practices can help a Scrum Team effectively manage work that carries over from one Sprint to the next? (Choose the two best answers),Reviewing unfinished work during Sprint Planning and including it only if it aligns with the Sprint Goal help manage carry-over effectively and maintain focus. <i>The Sprint Goal is the single objective for the Sprint.</i> (Scrum Guide 2020),M,PSM-I,Sprint Management,Moving unfinished work directly to the next Sprint without discussion.,Incorrect: Unfinished work should be reviewed and reprioritized during Sprint Planning to ensure it aligns with current goals.,Reviewing the unfinished work during Sprint Planning to reassess its priority and refine it if needed.,Correct: Reviewing and refining carried-over work ensures it is well-understood and appropriately prioritized for the next Sprint.,Blaming individual team members for unfinished work to ensure accountability.,Incorrect: Blame undermines team morale and does not address process improvements.,Adjusting the Definition of Done to make it easier to meet Sprint commitments.,Incorrect: Lowering standards compromises quality and does not solve the issue of incomplete work.,Including the work in the next Sprint Backlog only if it aligns with the Sprint Goal.,Correct: Ensuring work aligns with the Sprint Goal helps maintain focus and coherence in the team’s efforts.,,,"1,3"
"A Product Owner frequently requests changes during the Sprint, disrupting the team’s focus. What should the Scrum Master do? (Choose the best answer)","The Scrum Master should coach the Product Owner on managing changes effectively, ensuring that the agreed Sprint Backlog remains stable. <i>No changes are made that would endanger the Sprint Goal.</i> (Scrum Guide 2020)",S,PSM-I,Sprint Management,Allow the changes if they seem necessary.,Incorrect: Allowing changes during the Sprint disrupts the team’s focus on the Sprint Goal.,Coach the Product Owner to manage changes during backlog refinement or the next Sprint Planning session.,Correct: The Scrum Master helps protect the team’s focus by ensuring changes are managed through proper channels.,Ask the Developers to accommodate the changes as best they can.,Incorrect: Accommodating changes mid-Sprint without proper evaluation can disrupt the Sprint Goal.,Pause the Sprint until the changes are assessed.,Incorrect: Pausing the Sprint disrupts the team’s workflow and should be avoided.,,,,,2
A Scrum Team is having trouble completing all Product Backlog items in their Sprint. What should the Scrum Master do first? (Choose the best answer),The Scrum Master should focus on helping the team improve their planning and estimation skills to prevent recurring issues. <i>The Scrum Master helps everyone understand Scrum theory and practice.</i> (Scrum Guide 2020),S,PSM-I,Sprint Management,Increase the Sprint length.,Incorrect: Adjusting the length of the Sprint is against Scrum rules.,Coach the team on improving their planning and estimation techniques.,Correct: This approach helps the team to better forecast their capacity and deliver within the Sprint.,Remove some work to make it achievable.,Incorrect: The team should strive to improve their planning rather than reducing scope reactively.,Encourage the team to work longer hours.,Incorrect: Overworking is unsustainable and does not align with Scrum values.,,,,,2
"During a Sprint, the Developers encounter a technical challenge that none of them have faced before, causing delays. What is the best course of action for the Scrum Master? (Choose the best answer)","The Scrum Master should facilitate discussions that promote collaborative problem-solving, helping the team learn and overcome challenges as a unit. <i>Collaboration is key to addressing complex problems effectively.</i> (Scrum Guide 2020)",S,PSM-I,Sprint Management,Assign the task to the most experienced Developer to handle the challenge alone.,Incorrect: Assigning tasks based on experience can lead to bottlenecks and does not foster team collaboration.,"Facilitate a discussion to explore different solutions as a team, encouraging collaboration and shared learning.",Correct: Facilitating collaborative problem-solving helps the team learn and overcome challenges together.,"Ignore the challenge, trusting the team will eventually figure it out.",Incorrect: Ignoring challenges can lead to significant delays and frustration among team members.,Ask the Product Owner to adjust the Sprint Backlog to remove the task causing delays.,Incorrect: Adjusting the Sprint Backlog without team consensus can disrupt focus and commitment.,,,,,2
Which approach best helps a Scrum Team manage dependencies that may impact their ability to meet the Sprint Goal? (Choose the best answer),Proactively managing dependencies through discussion and planning helps the Scrum Team maintain focus and address potential impacts on the Sprint Goal. <i>The Scrum Master helps the Scrum Team remove impediments to the team’s progress.</i> (Scrum Guide 2020),S,PSM-I,Sprint Management,Assign a team member to monitor and handle all dependencies independently.,Incorrect: Dependency management should be a collective effort to ensure team awareness and collaboration.,Facilitate a discussion to identify and plan for dependencies during Sprint Planning and track them throughout the Sprint.,Correct: Proactively managing dependencies helps the team stay aligned and address issues before they affect the Sprint Goal.,Ignore dependencies as they arise and focus on internal tasks only.,Incorrect: Ignoring dependencies can lead to delays and missed Sprint Goals.,Escalate all dependencies to the Product Owner for them to handle.,Incorrect: Dependency management is a team responsibility; the Product Owner may assist but should not handle them alone.,,,,,2
"During the Sprint Planning, the team realizes that one of the selected Product Backlog items is not clearly understood. What should the Scrum Master do? (Choose the best answer)","The Scrum Master should facilitate discussions to ensure all items selected for the Sprint are clear and understood, aligning the team’s efforts with the Sprint Goal. <i>The Developers can select whatever structure and techniques they want, as long as their Daily Scrum focuses on progress toward the Sprint Goal.</i> (Scrum Guide 2020)",S,PSM-I,Sprint Management,Allow the team to proceed based on their best assumptions.,Incorrect: Making assumptions without clarity can lead to errors and misalignment with the Sprint Goal.,Facilitate a discussion with the Product Owner to clarify the item before including it in the Sprint.,Correct: Ensuring clarity before starting work helps the team stay aligned with the Sprint Goal.,Remove the item from the Sprint and focus on other tasks.,Incorrect: Removing items without discussion may disrupt the Sprint Planning process.,Ignore the issue to avoid delaying the Sprint Planning session.,Incorrect: Ignoring the issue can lead to misunderstandings and incomplete work.,,,,,2
A stakeholder complains that the Sprint Review is just a demo and not useful. How should the Scrum Master address this feedback? (Choose the best answer),The Scrum Master should coach stakeholders on the importance of the Sprint Review as a collaborative inspection of the Increment. <i>The Scrum Team and stakeholders inspect the outcome of the Sprint and determine future adaptations.</i> (Scrum Guide 2020),S,PSM-I,Sprint Management,Agree with the stakeholder and suggest skipping the Sprint Review.,Incorrect: The Sprint Review is a crucial inspect and adapt opportunity.,Coach the stakeholders on the purpose of the Sprint Review.,Correct: The Scrum Master should ensure stakeholders understand the value of the Sprint Review.,Turn the Sprint Review into a formal presentation.,Incorrect: The Sprint Review should remain an informal working session.,Invite more stakeholders to provide feedback.,Incorrect: Simply increasing attendees does not improve the session's effectiveness.,,,,,2
"True or False: The Burndown Chart is a tool used to visualize the remaining work during a Sprint, helping the team track their progress toward the Sprint Goal. (Choose the best answer)",The Burndown Chart is used by the team to track the remaining work during a Sprint and helps them monitor their progress toward the Sprint Goal. <i>The Burndown Chart tracks work remaining in the Sprint.</i> (Scrum Guide 2020),TF,PSM-I,Tools and Techniques,,Correct: The Burndown Chart helps visualize the amount of work remaining and tracks progress toward the Sprint Goal.,,Incorrect: The Burndown Chart is specifically designed to track remaining work and progress during a Sprint.,,,,,,,,,true
"A Scrum Team frequently struggles with managing work in progress (WIP) during Sprints, leading to unfinished tasks. What is the best approach for the Scrum Master? (Choose the best answer)",The Scrum Master should facilitate discussions on limiting WIP and implementing management techniques like Kanban to help the team focus on completing tasks efficiently. <i>Limiting WIP is a key practice to improve flow and deliver value faster.</i> (Scrum Guide 2020),S,PSM-I,Tools and Techniques,Encourage the team to increase the number of items in progress to maximize output.,"Incorrect: Increasing WIP can lead to inefficiencies and delays, reducing overall productivity.",Facilitate a discussion on limiting WIP and implementing techniques like Kanban to help the team focus on completing tasks before starting new ones.,Correct: Limiting WIP helps the team maintain focus and manage tasks more effectively.,"Ignore the issue, as the team will eventually learn to manage their WIP on their own.",Incorrect: The Scrum Master should actively support the team in adopting better WIP management practices.,Ask the Product Owner to reduce the number of tasks in the Sprint Backlog to avoid overload.,"Incorrect: The Developers are responsible for managing their work in progress, not the Product Owner.",,,,,2
The Scrum Team uses a Burnup Chart to track their progress during the Sprint. What does the Burnup Chart primarily show? (Choose the best answer),"The Burnup Chart shows the amount of work completed against the total work planned, helping visualize progress and scope changes. <i>Burnup Charts are useful for showing progress toward a goal line.</i> (Scrum Guide 2020)",S,PSM-I,Tools and Techniques,The remaining tasks to complete the Sprint.,"Incorrect: A Burnup Chart shows work completed, not remaining tasks.",The amount of work completed versus the total planned work.,"Correct: The Burnup Chart visually tracks completed work against the total planned work, helping the team understand progress.",The velocity of the team over multiple Sprints.,Incorrect: Velocity is tracked separately and is not the primary focus of a Burnup Chart.,The defects found and fixed during the Sprint.,Incorrect: A Burnup Chart does not track defects; it shows progress towards goals.,,,,,2
Which tool is most useful for visualizing work in progress and identifying bottlenecks in the team's workflow? (Choose the best answer),"A Kanban Board helps the Scrum Team visualize their workflow, manage work in progress, and identify bottlenecks. <i>Kanban Boards are often used to visualize work, limit work in progress, and maximize flow.</i> (Scrum Guide 2020)",S,PSM-I,Tools and Techniques,Product Backlog,Incorrect: The Product Backlog lists future work but does not track workflow or bottlenecks.,Kanban Board,"Correct: A Kanban Board visualizes work in progress, highlighting bottlenecks and flow inefficiencies.",Burnup Chart,Incorrect: The Burnup Chart shows progress toward goals but does not visualize workflow.,Sprint Goal,Incorrect: The Sprint Goal guides the work but does not visualize it or show bottlenecks.,,,,,2
Which three approaches can help a Scrum Team improve their estimation practices? (Choose the three best answers),"Incorporating Retrospective feedback, using collaborative techniques like planning poker, and discussing task complexity help improve estimation practices within a Scrum Team. <i>Estimation helps the Scrum Team forecast progress and manage expectations.</i> (Scrum Guide 2020)",M,PSM-I,Tools and Techniques,Using past Sprint velocities as the sole guide for future estimations.,Incorrect: Velocity should inform but not dictate estimations; other factors must also be considered.,Incorporating feedback from Retrospectives to refine estimation techniques continuously.,Correct: Retrospectives provide valuable insights into what works and what doesn’t in estimation.,Utilizing planning poker or similar collaborative estimation techniques.,Correct: Collaborative estimation helps the team reach a consensus on the effort required for tasks.,Allowing the Scrum Master to adjust estimations after Sprint Planning if needed.,"Incorrect: Estimations are the responsibility of the Developers, and adjustments should be team-driven.",Encouraging the team to discuss the complexity of tasks openly during refinement sessions.,Correct: Open discussions about task complexity help the team improve their understanding and accuracy of estimations.,,,"1,3,5"
Which three practices can help a Scrum Team maintain transparency in their workflow? (Choose the three best answers),"Maintaining transparency in the workflow involves using visualization tools, updating progress charts, and conducting refinement sessions. <i>Transparency is essential for the team to understand progress and adapt their work effectively.</i> (Scrum Guide 2020)",M,PSM-I,Tools and Techniques,Using a Kanban Board to visualize work in progress.,Correct: A Kanban Board helps the team see their work clearly and manage flow effectively.,Keeping all work items in the Product Backlog until they are ready for the Sprint Backlog.,Incorrect: This practice does not maintain transparency within the Sprint.,Regularly updating the Burndown Chart to reflect remaining work.,Correct: The Burndown Chart helps track progress and make the team’s progress transparent.,Holding daily inspections of completed work.,"Incorrect: Daily inspections focus on progress and plans, not on completed work.",Conducting frequent refinement sessions to clarify upcoming work.,Correct: Refinement sessions keep the backlog clear and ensure that work is well understood.,,,"1,3,5"
Which three techniques can a Scrum Team use to improve the accuracy of their estimations? (Choose the three best answers),"Incorporating Retrospective feedback, using consensus-based techniques, and openly discussing risks help Scrum Teams improve estimation accuracy. <i>Estimation helps the Scrum Team forecast progress and manage expectations.</i> (Scrum Guide 2020)",M,PSM-I,Tools and Techniques,Using only historical velocity to guide current estimations.,"Incorrect: While velocity is a useful reference, estimations should consider current Sprint conditions and complexities.",Incorporating feedback from Retrospectives to refine estimation practices continuously.,"Correct: Feedback helps the team identify what works and what doesn’t, improving estimation accuracy.",Utilizing planning poker or other consensus-based estimation techniques.,Correct: Consensus-based techniques promote team alignment and shared understanding of task complexities.,Assigning estimation tasks to the most experienced Developer for accuracy.,"Incorrect: Estimation is a collaborative activity that benefits from diverse perspectives, not just individual expertise.",Discussing risks and uncertainties openly during backlog refinement sessions.,Correct: Open discussions about risks help the team adjust their estimations to reflect true task complexity.,,,"1,3,5"
Which two tools can be used to measure the team’s progress and predict the likelihood of meeting the Sprint Goal? (Choose the two best answers),The Burndown and Burnup Charts are key tools for measuring progress and predicting the team’s ability to meet the Sprint Goal. <i>These charts provide visibility into the team’s progress during the Sprint.</i> (Scrum Guide 2020),M,PSM-I,Tools and Techniques,Burndown Chart,Correct: The Burndown Chart tracks the amount of work remaining and helps assess progress toward the Sprint Goal.,Velocity Chart,"Incorrect: While useful for long-term planning, the Velocity Chart is not directly used to measure progress within a Sprint.",Burnup Chart,"Correct: The Burnup Chart shows work completed versus planned work, helping track progress and predict outcomes.",Product Backlog,"Incorrect: The Product Backlog is a list of work items, not a tool for tracking Sprint progress.",Daily Scrum,Incorrect: The Daily Scrum helps inspect and adapt but does not measure progress directly.,,,"1,3"
"A Developer is frequently late to the Daily Scrum, causing delays. What should the Scrum Master do to address this issue? (Choose the best answer)",The Scrum Master should coach and remind the Developer about the importance of the Daily Scrum to encourage punctuality and respect for the event’s purpose. <i>The Scrum Master helps those outside the Scrum Team understand which of their interactions with the Scrum Team are helpful and which are not.</i> (Scrum Guide 2020),S,PSM-I,Scrum Events,Remind the Developer of the importance of the Daily Scrum and encourage punctuality.,Correct: The Scrum Master should coach the team on the importance of the event and encourage adherence to timeboxes.,Penalize the Developer for being late.,Incorrect: Punishment is not part of the Scrum Master's role.,Ask the team to hold the Daily Scrum at a different time to accommodate the Developer.,Incorrect: The Daily Scrum should have a consistent time that works for the whole team.,Ignore the issue as it does not affect the work directly.,Incorrect: Addressing team behavior is part of maintaining effective Scrum practices.,,,,,1
"During a Sprint, the Development Team realizes they will not complete the Sprint Goal. What should they do? (Choose the best answer)","When the Development Team realizes they may not meet the Sprint Goal, it is crucial to collaborate with the Product Owner to adjust the Sprint Backlog. This maintains focus on delivering valuable increments without compromising quality. <i>Scrum Guide 2020</i>",S,PSM-I,Scrum Events,Stop the current Sprint and plan a new one.,Incorrect: Sprints should not be canceled unless the Sprint Goal becomes obsolete.,Work with the Product Owner to adjust the Sprint Backlog.,Correct: Adjusting the Sprint Backlog is appropriate when the goal remains valid.,Reduce the Definition of Done to finish the work faster.,Incorrect: Compromising quality is not an option in Scrum.,Extend the Sprint duration to complete all items.,Incorrect: Sprint durations are fixed and should not be altered.,,,,,2
True or False: The Scrum Master is responsible for ensuring the Developers complete all tasks planned for the Sprint. (Choose the best answer),The Developers are accountable for managing and completing their work; the Scrum Master supports but does not enforce task completion. <i>The Scrum Master helps the Scrum Team improve its practices within the Scrum framework.</i> (Scrum Guide 2020),TF,PSM-I,Roles and Responsibilities,,Incorrect: The Scrum Master supports the team but does not enforce task completion; the team self-manages its work.,,Correct: The Scrum Master facilitates the process but does not hold accountability for task completion; this is the Developers' responsibility.,,,,,,,,,false
